dataset_id,city_id,subarea_id,title,issuer,source_class,category,priority,source_url,final_url_sanitized,accessed_at,valid_as_of,version,license,redistribution_status,status,handoff_status,raw_receipt_id,original_filename,byte_size,sha256,content_type,archive_member_count,source_crs,axis_semantics,geojson_serialization_order,geographic_scope,query_id,retrieval_tool,retrieval_tool_version,transform_allowed,expected_consumer,known_limitations,human_action,notes
fujisawa_earthquake_hazard_source_gap,fujisawa_enoshima,,Fujisawa earthquake hazard source discovery gap,Fujisawa City,OFFICIAL,earthquake,P0,https://bosaiinfo.city.fujisawa.kanagawa.jp/evacuation/hazardMap/,https://bosaiinfo.city.fujisawa.kanagawa.jp/evacuation/hazardMap/,2026-08-31T19:35:28Z,,current official portal starting point,Fujisawa City website terms,LICENSE_REVIEW_REQUIRED,NOT_FOUND,HUMAN_ACTION_REQUIRED,,,,,text/html,,NOT_FOUND,UNKNOWN,NOT_APPLICABLE_OR_NOT_VERIFIED,Target AOIs only,,official primary-source inventory,2026-09-01,false,Phase 4 MASTER source review and gap resolution,The portal starting point is not evidence that a category-specific machine-readable layer was acquired.,"From the official portal, locate the current earthquake hazard original for the target AOI; preserve the exact URL, revision, license, CRS and file headers.",No original data file acquired; stable official landing URL only.
fujisawa_enoshima_tsunami_map_2023,fujisawa_enoshima,,Enoshima tsunami evacuation map,Fujisawa City,OFFICIAL,tsunami,P0,https://www.city.fujisawa.kanagawa.jp/kikikanri/bosai/documents/14_enoshima.pdf,https://www.city.fujisawa.kanagawa.jp/kikikanri/bosai/documents/14_enoshima.pdf,2026-08-31T18:52:41Z,,Created 2023-03,Fujisawa City website terms,LICENSE_REVIEW_REQUIRED,BLOCKED,HUMAN_ACTION_REQUIRED,receipt-fujisawa_enoshima_tsunami_map_2023,,,,application/octet-stream,,NOT_EXPLICIT_PDF,UNKNOWN,NOT_APPLICABLE_OR_NOT_VERIFIED,Enoshima,,,,false,Phase 4 MASTER source review and gap resolution,"Downloaded does not imply operational authority, accessibility, safety, or complete AOI coverage.","Re-open the official landing page, locate the current original URL, and acquire without bypass. Prior failure: HTTP_404 Response status code does not indicate success: 404 (Not Found).",Raw original remains outside Git. No product/model/UI connection is asserted.
fujisawa_flood_map,fujisawa_enoshima,,Fujisawa official flood/landslide hazard map,Fujisawa City,OFFICIAL,flood,P0,https://www.city.fujisawa.kanagawa.jp/bousai/bosai/bosai/hazardmap/dosha/h25hazardmap.html,https://www.city.fujisawa.kanagawa.jp/bousai/bosai/bosai/hazardmap/dosha/h25hazardmap.html,2026-08-31T19:35:28Z,,FY2023 maps / page updated March 2026,Fujisawa City website terms,LICENSE_REVIEW_REQUIRED,METADATA_ONLY,READY_FOR_METADATA_ONLY,,,,,text/html,,NOT_EXPLICIT_PDF,UNKNOWN,NOT_APPLICABLE_OR_NOT_VERIFIED,Target AOIs only,,official primary-source inventory,2026-09-01,false,Phase 4 MASTER source review and gap resolution,PDF existence does not establish route closure or machine-readable depth.,Acquire the current south-area attachment and any machine-readable official alternative.,No original data file acquired; stable official landing URL only.
fujisawa_inland_flood_landing_current,fujisawa_enoshima,,Fujisawa inland-flood hazard map landing page,Fujisawa City,OFFICIAL,inner flood,P0,https://www.city.fujisawa.kanagawa.jp/bousai/bosai/bosai/hazardmap/dosha/naisui.html,https://www.city.fujisawa.kanagawa.jp/bousai/bosai/bosai/hazardmap/dosha/naisui.html,2026-08-31T18:52:45Z,,FY2024 map / current landing,Fujisawa City website terms,LICENSE_REVIEW_REQUIRED,DOWNLOADED,READY_FOR_METADATA_ONLY,receipt-fujisawa_inland_flood_landing_current,naisui.html,21653,26cea3b8d13460eaf6a7953a79420022c3f51f519131d6b8ed82094baee4148d,text/html,0,NOT_APPLICABLE_HTML,UNKNOWN,NOT_APPLICABLE_OR_NOT_VERIFIED,Fujisawa City,,PowerShell Invoke-WebRequest,7.6.4,false,Phase 4 MASTER source review and gap resolution,"Downloaded does not imply operational authority, accessibility, safety, or complete AOI coverage.",,Raw original remains outside Git. No product/model/UI connection is asserted.
fujisawa_liquefaction_hazard_source_gap,fujisawa_enoshima,,Fujisawa liquefaction hazard source discovery gap,Fujisawa City,OFFICIAL,liquefaction,P0,https://bosaiinfo.city.fujisawa.kanagawa.jp/evacuation/hazardMap/,https://bosaiinfo.city.fujisawa.kanagawa.jp/evacuation/hazardMap/,2026-08-31T19:35:28Z,,current official portal starting point,Fujisawa City website terms,LICENSE_REVIEW_REQUIRED,NOT_FOUND,HUMAN_ACTION_REQUIRED,,,,,text/html,,NOT_FOUND,UNKNOWN,NOT_APPLICABLE_OR_NOT_VERIFIED,Target AOIs only,,official primary-source inventory,2026-09-01,false,Phase 4 MASTER source review and gap resolution,The portal starting point is not evidence that a category-specific machine-readable layer was acquired.,"From the official portal, locate the current liquefaction hazard original for the target AOI; preserve the exact URL, revision, license, CRS and file headers.",No original data file acquired; stable official landing URL only.
fujisawa_shelter_source_gap,fujisawa_enoshima,,Fujisawa current shelter source discovery gap,Fujisawa City,OFFICIAL,shelters,P0,https://bosaiinfo.city.fujisawa.kanagawa.jp/evacuation/hazardMap/,https://bosaiinfo.city.fujisawa.kanagawa.jp/evacuation/hazardMap/,2026-08-31T19:35:28Z,,current official portal starting point,Fujisawa City website terms,LICENSE_REVIEW_REQUIRED,NOT_FOUND,HUMAN_ACTION_REQUIRED,,,,,text/html,,NOT_FOUND,UNKNOWN,NOT_APPLICABLE_OR_NOT_VERIFIED,Target AOIs only,,official primary-source inventory,2026-09-01,false,Phase 4 MASTER source review and gap resolution,"No category-specific original, entrance, capacity or current operational evidence was acquired.","From the official portal, locate the current authoritative shelter/facility list and preserve its exact URL, date, facility types, license and headers.",No original data file acquired; stable official landing URL only.
fujisawa_storm_surge_map,fujisawa_enoshima,,Fujisawa official storm-surge hazard map,Fujisawa City,OFFICIAL,storm surge,P0,https://bosaiinfo.city.fujisawa.kanagawa.jp/evacuation/hazardMap/,https://bosaiinfo.city.fujisawa.kanagawa.jp/evacuation/hazardMap/,2026-08-31T19:35:28Z,,current official portal,Fujisawa City website terms,LICENSE_REVIEW_REQUIRED,METADATA_ONLY,READY_FOR_METADATA_ONLY,,,,,text/html,,NOT_EXPLICIT_PDF,UNKNOWN,NOT_APPLICABLE_OR_NOT_VERIFIED,Target AOIs only,,official primary-source inventory,2026-09-01,false,Phase 4 MASTER source review and gap resolution,No machine-readable geometry or CRS acquired.,Acquire the exact current attachment from the official landing page and record its revision and page references.,No original data file acquired; stable official landing URL only.
fujisawa_tsunami_buildings_2025,fujisawa_enoshima,,Fujisawa tsunami evacuation building list,Fujisawa City,OFFICIAL,tsunami evacuation buildings,P0,https://www.city.fujisawa.kanagawa.jp/documents/21694/20250714092525.pdf,https://www.city.fujisawa.kanagawa.jp/documents/21694/20250714092525.pdf,2026-08-31T18:52:41Z,,2025-07,Fujisawa City website terms,LICENSE_REVIEW_REQUIRED,BLOCKED,HUMAN_ACTION_REQUIRED,receipt-fujisawa_tsunami_buildings_2025,,,,application/octet-stream,,NOT_APPLICABLE_TABLE_PDF,UNKNOWN,NOT_APPLICABLE_OR_NOT_VERIFIED,Fujisawa City,,,,false,Phase 4 MASTER source review and gap resolution,"Downloaded does not imply operational authority, accessibility, safety, or complete AOI coverage.","Re-open the official landing page, locate the current original URL, and acquire without bypass. Prior failure: HTTP_404 Response status code does not indicate success: 404 (Not Found).",Raw original remains outside Git. No product/model/UI connection is asserted.
fujisawa_tsunami_hazard_landing_current,fujisawa_enoshima,,Fujisawa current tsunami hazard map landing page,Fujisawa City,OFFICIAL,tsunami,P0,https://www.city.fujisawa.kanagawa.jp/bousai/bosai/bosai/hazardmap/tsunami/h25hazardmap.html,https://www.city.fujisawa.kanagawa.jp/bousai/bosai/bosai/hazardmap/tsunami/h25hazardmap.html,2026-08-31T18:52:45Z,,Page updated 2026-05-08,Fujisawa City website terms,LICENSE_REVIEW_REQUIRED,DOWNLOADED,READY_FOR_METADATA_ONLY,receipt-fujisawa_tsunami_hazard_landing_current,h25hazardmap.html,25153,ca4d8a8b2356b261a628713010ee2fcfacf7352ec529d7c58405139098173a88,text/html,0,NOT_APPLICABLE_HTML,UNKNOWN,NOT_APPLICABLE_OR_NOT_VERIFIED,Fujisawa City,,PowerShell Invoke-WebRequest,7.6.4,false,Phase 4 MASTER source review and gap resolution,"Downloaded does not imply operational authority, accessibility, safety, or complete AOI coverage.",,Raw original remains outside Git. No product/model/UI connection is asserted.
fujisawa_tsunami_plan_appendix_2023,fujisawa_enoshima,,Fujisawa tsunami evacuation plan appendix,Fujisawa City,OFFICIAL,tsunami evacuation buildings,P0,https://www.city.fujisawa.kanagawa.jp/documents/22111/tunamihinansiryouhen.pdf,https://www.city.fujisawa.kanagawa.jp/documents/22111/tunamihinansiryouhen.pdf,2026-08-31T18:52:41Z,,Revised 2023-03,Fujisawa City website terms,LICENSE_REVIEW_REQUIRED,DOWNLOADED,READY_FOR_METADATA_ONLY,receipt-fujisawa_tsunami_plan_appendix_2023,tunamihinansiryouhen.pdf,873414,c4b312f20e6998864ec67669f242b84c9c6744335bea0efd6927755f093c0d87,application/pdf,0,NOT_EXPLICIT_PDF,UNKNOWN,NOT_APPLICABLE_OR_NOT_VERIFIED,Fujisawa City,,PowerShell Invoke-WebRequest,7.6.4,false,Phase 4 MASTER source review and gap resolution,"Downloaded does not imply operational authority, accessibility, safety, or complete AOI coverage.",,Raw original remains outside Git. No product/model/UI connection is asserted.
fujisawa_tsunami_wide_map_current,fujisawa_enoshima,,Fujisawa wide-area tsunami hazard map,Fujisawa City,OFFICIAL,tsunami,P0,https://bosaiinfo.city.fujisawa.kanagawa.jp/pdf/tsunami_kouiki.pdf,https://bosaiinfo.city.fujisawa.kanagawa.jp/pdf/tsunami_kouiki.pdf,2026-08-31T18:52:41Z,,Current official portal snapshot at acquisition,Fujisawa City website terms,LICENSE_REVIEW_REQUIRED,BLOCKED,HUMAN_ACTION_REQUIRED,receipt-fujisawa_tsunami_wide_map_current,,,,application/octet-stream,,NOT_EXPLICIT_PDF,UNKNOWN,NOT_APPLICABLE_OR_NOT_VERIFIED,Fujisawa coastal area,,,,false,Phase 4 MASTER source review and gap resolution,"Downloaded does not imply operational authority, accessibility, safety, or complete AOI coverage.","Re-open the official landing page, locate the current original URL, and acquire without bypass. Prior failure: HTTP_404 Response status code does not indicate success: 404 (Not Found).",Raw original remains outside Git. No product/model/UI connection is asserted.
fujisawa_webgis_open_data_manual,fujisawa_enoshima,,Fujisawa Kyn-map open-data download manual,Fujisawa City,OFFICIAL,accessibility facilities,P1,https://webgis.alandis.jp/fujisawa14/210/portal/pdf/%E3%81%B5%E3%81%98%E3%81%95%E3%82%8F%E3%82%AD%E3%83%A5%E3%83%B3%E3%83%9E%E3%83%83%E3%83%97%E3%82%AA%E3%83%BC%E3%83%97%E3%83%B3%E3%83%87%E3%83%BC%E3%82%BF%E3%83%80%E3%82%A6%E3%83%B3%E3%83%AD%E3%83%BC%E3%83%89%E3%83%9E%E3%83%8B%E3%83%A5%E3%82%A2%E3%83%AB.pdf,https://webgis.alandis.jp/fujisawa14/210/portal/pdf/%E3%81%B5%E3%81%98%E3%81%95%E3%82%8F%E3%82%AD%E3%83%A5%E3%83%B3%E3%83%9E%E3%83%83%E3%83%97%E3%82%AA%E3%83%BC%E3%83%97%E3%83%B3%E3%83%87%E3%83%BC%E3%82%BF%E3%83%80%E3%82%A6%E3%83%B3%E3%83%AD%E3%83%BC%E3%83%89%E3%83%9E%E3%83%8B%E3%83%A5%E3%82%A2%E3%83%AB.pdf,2026-08-31T18:52:44Z,,Current portal manual at acquisition,Fujisawa WebGIS terms require review,LICENSE_REVIEW_REQUIRED,DOWNLOADED,READY_FOR_METADATA_ONLY,receipt-fujisawa_webgis_open_data_manual,ふじさわキュンマップオープンデータダウンロードマニュアル.pdf,692246,983ba8df75910fc4bf71ffa6cf048865f97a0efca48d1d114bdafead0eb3a09d,application/pdf,0,NOT_APPLICABLE_PDF,UNKNOWN,NOT_APPLICABLE_OR_NOT_VERIFIED,Fujisawa City,,PowerShell Invoke-WebRequest,7.6.4,false,Phase 4 MASTER source review and gap resolution,"Downloaded does not imply operational authority, accessibility, safety, or complete AOI coverage.",,Raw original remains outside Git. No product/model/UI connection is asserted.
fujisawa_webgis_toilets_accessibility,fujisawa_enoshima,,Fujisawa WebGIS public toilets and barrier-free map export,Fujisawa City,OFFICIAL,accessibility facilities,P0,https://webgis.alandis.jp/fujisawa14/portal/index.html,https://webgis.alandis.jp/fujisawa14/portal/index.html,2026-08-31T19:35:28Z,,current portal,Fujisawa WebGIS terms require review,LICENSE_REVIEW_REQUIRED,HUMAN_DOWNLOAD_REQUIRED,HUMAN_ACTION_REQUIRED,,,,,text/html,,EXPORT_METADATA_REQUIRED,UNKNOWN,NOT_APPLICABLE_OR_NOT_VERIFIED,Target AOIs only,,official primary-source inventory,2026-09-01,false,Phase 4 MASTER source review and gap resolution,Manual/terms-gated export; entrance and operation still require verification.,"Use the official UI/manual export for public-toilet and barrier-free layers; record layer, bbox/query, format and timestamp. Do not use undocumented guest-login URLs.",No original data file acquired; stable official landing URL only.
gsi_dem_5m10m_current,shared,,GSI DEM 5m/10m,Geospatial Information Authority of Japan,OFFICIAL,DEM/terrain,P0,https://service.gsi.go.jp/kiban/,https://service.gsi.go.jp/kiban/,2026-08-31T19:35:28Z,,current service,GSI Content Terms; Survey Act applicability requires use review,LICENSE_REVIEW_REQUIRED,HUMAN_DOWNLOAD_REQUIRED,HUMAN_ACTION_REQUIRED,,,,,text/html,,SELECTED_PACKAGE_METADATA_REQUIRED,UNKNOWN,NOT_APPLICABLE_OR_NOT_VERIFIED,Target AOIs only,,official primary-source inventory,2026-09-01,false,Phase 4 MASTER source review and gap resolution,Login-gated; availability varies by mesh.,"Register/login, select available 5m/10m meshes for each AOI, download original ZIP/XML, and retain mesh/query metadata.",No original data file acquired; stable official landing URL only.
gsi_fgd_basic_current,shared,,GSI Fundamental Geospatial Data basic items,Geospatial Information Authority of Japan,OFFICIAL,geometry,P1,https://service.gsi.go.jp/kiban/,https://service.gsi.go.jp/kiban/,2026-08-31T19:35:28Z,,download specification v5.3 (2026-07-31),GSI Content Terms; Survey Act applicability requires use review,LICENSE_REVIEW_REQUIRED,HUMAN_DOWNLOAD_REQUIRED,HUMAN_ACTION_REQUIRED,,,,,text/html,,SELECTED_PACKAGE_METADATA_REQUIRED,UNKNOWN,NOT_APPLICABLE_OR_NOT_VERIFIED,Target AOIs only,,official primary-source inventory,2026-09-01,false,Phase 4 MASTER source review and gap resolution,Login-gated; no access-control bypass attempted.,"Register/login, select basic items and exact meshes covering the five target areas, download latest original ZIP/XML, and record mesh/query IDs.",No original data file acquired; stable official landing URL only.
hokonavi_current_catalog,shared,,Current Hokonavi walking-space catalog,MLIT,OFFICIAL,walking-space network,P1,https://ckan.hokonavi.go.jp/dataset/,https://ckan.hokonavi.go.jp/dataset/,2026-08-31T19:35:28Z,,current catalog / July 2024 specification,Catalog/resource-specific terms,LICENSE_REVIEW_REQUIRED,METADATA_ONLY,READY_FOR_METADATA_ONLY,,,,,text/html,,RESOURCE_METADATA_REQUIRED,UNKNOWN,NOT_APPLICABLE_OR_NOT_VERIFIED,Target AOIs only,,official primary-source inventory,2026-09-01,false,Phase 4 MASTER source review and gap resolution,No current target-area package was confirmed; legacy Kyoto H23 is tracked separately.,Confirm current Kyoto/Fujisawa coverage and download only matching official packages after terms review.,No original data file acquired; stable official landing URL only.
kyoto_city_landslide_gis_20260830,kyoto_kiyomizu,,Kyoto City disaster-prevention map landslide GIS download,Kyoto City,OFFICIAL,landslide,P0,https://www.bousaimap.city.kyoto.lg.jp/GisDownload,https://www.bousaimap.city.kyoto.lg.jp/GisDownload,2026-08-31T18:57:03Z,2026-01-22,Local snapshot acquired 2026-08-30; embedded files dated 2026-01-22,Kyoto City GIS / website terms require human review,LICENSE_REVIEW_REQUIRED,DUPLICATE_REUSED,LICENSE_REVIEW_REQUIRED,receipt-kyoto_city_landslide_gis_20260830,g_dosha_00all.zip,14311801,ac40e0b7116d81516dc10e279f5ca67ba48bbece68dc1164ec8f1d3e0c095828,application/zip,25,EPSG:6668,JGD2011 formal latitude_longitude; shapefile library order requires explicit handling,NOT_APPLICABLE_OR_NOT_VERIFIED,Kyoto City; exact prior consent/download headers are unavailable,,Python shutil.copy2 + hashlib + zipfile/json,3.12.14,false,Phase 4 MASTER source review and gap resolution,Exact prior HTTP headers/consent path are unavailable; redistribution terms need human review. Overlap never implies closure.,Review dataset-specific license/redistribution terms and package CRS/integrity before promotion.,Raw original remains outside Git. No product/model/UI connection is asserted.
kyoto_current_evacuation_facilities,kyoto_kiyomizu,,Kyoto designated shelters and emergency evacuation sites,Kyoto City,OFFICIAL,shelters,P0,https://www.bousai.city.kyoto.lg.jp/0000000311.html,https://www.bousai.city.kyoto.lg.jp/0000000311.html,2026-08-31T19:35:28Z,,current landing requires row-level capture,Kyoto City website terms,LICENSE_REVIEW_REQUIRED,METADATA_ONLY,READY_FOR_METADATA_ONLY,,,,,text/html,,NOT_EXPLICIT,UNKNOWN,NOT_APPLICABLE_OR_NOT_VERIFIED,Target AOIs only,,official primary-source inventory,2026-09-01,false,Phase 4 MASTER source review and gap resolution,"A listed facility is not proof of current opening, accessible entrance or usable capacity.","Capture the current official rows and keep facility types separate; verify entrances, capacity and operation independently.",No original data file acquired; stable official landing URL only.
kyoto_current_hazard_context_2026,shared,,Kyoto current disaster-prevention map context page,Kyoto City,OFFICIAL,hazard metadata,P0,https://www.bousai.city.kyoto.lg.jp/0000000794.html,https://www.bousai.city.kyoto.lg.jp/0000000794.html,2026-08-31T18:52:45Z,,New system June 2026,Kyoto City website terms,LICENSE_REVIEW_REQUIRED,DOWNLOADED,READY_FOR_METADATA_ONLY,receipt-kyoto_current_hazard_context_2026,0000000794.html,13469,ff246170d3cb74d7a6c66f84b20de3493ece469dce1c7e86d094642e3498edce,text/html,0,NOT_APPLICABLE_HTML,UNKNOWN,NOT_APPLICABLE_OR_NOT_VERIFIED,Kyoto City,,PowerShell Invoke-WebRequest,7.6.4,false,Phase 4 MASTER source review and gap resolution,"Downloaded does not imply operational authority, accessibility, safety, or complete AOI coverage.",,Raw original remains outside Git. No product/model/UI connection is asserted.
kyoto_emergency_open_spaces,kyoto_kiyomizu,,Kyoto tourist emergency open spaces,Kyoto City,OFFICIAL,emergency open spaces,P0,https://www.bousai.city.kyoto.lg.jp/kitakushien/about,https://www.bousai.city.kyoto.lg.jp/kitakushien/about,2026-08-31T19:35:28Z,,current landing,Kyoto City website terms,LICENSE_REVIEW_REQUIRED,METADATA_ONLY,READY_FOR_METADATA_ONLY,,,,,text/html,,NOT_EXPLICIT,UNKNOWN,NOT_APPLICABLE_OR_NOT_VERIFIED,Target AOIs only,,official primary-source inventory,2026-09-01,false,Phase 4 MASTER source review and gap resolution,Do not equate parks or candidate plazas with an official emergency open space.,"Acquire the complete current list and verify legal/operational category, entrances, opening and capacity.",No original data file acquired; stable official landing URL only.
kyoto_hazard_gis_download_current,kyoto_kiyomizu,,Kyoto current hazard GIS download,Kyoto City,OFFICIAL,earthquake,P0,https://www.bousaimap.city.kyoto.lg.jp/GisDownload,https://www.bousaimap.city.kyoto.lg.jp/GisDownload,2026-08-31T19:35:28Z,,new system from June 2026,Kyoto City GIS/website terms,LICENSE_REVIEW_REQUIRED,HUMAN_DOWNLOAD_REQUIRED,HUMAN_ACTION_REQUIRED,,,,,text/html,,PACKAGE_METADATA_REQUIRED,UNKNOWN,NOT_APPLICABLE_OR_NOT_VERIFIED,Target AOIs only,,official primary-source inventory,2026-09-01,false,Phase 4 MASTER source review and gap resolution,Terms/consent UI; exact resource URLs must not be guessed.,"Open official map, accept displayed terms, use GIS download for Higashiyama and relevant Kyoto AOIs, and preserve exact ZIP/PDF and headers.",No original data file acquired; stable official landing URL only.
kyoto_kiyomizu_gion_plan_landing,kyoto_kiyomizu,,Kiyomizu-Gion tourist evacuation guidance plan official publication page,Kyoto City,OFFICIAL,fire/evacuation guidance,P0,https://www.city.kyoto.lg.jp/digitalbook/page/0000000055.html,https://www.city.kyoto.lg.jp/digitalbook/page/0000000055.html,2026-08-31T18:52:44Z,,Official page snapshot at acquisition; current revision unconfirmed,Kyoto City website terms,LICENSE_REVIEW_REQUIRED,DOWNLOADED,READY_FOR_METADATA_ONLY,receipt-kyoto_kiyomizu_gion_plan_landing,0000000055.html,21002,f881704c3abd2ee9cf79057adc7daf42f8dc032f6b5282ef5533eb05e9161d5b,text/html,0,NOT_APPLICABLE_HTML,UNKNOWN,NOT_APPLICABLE_OR_NOT_VERIFIED,Kiyomizu-Gion,,PowerShell Invoke-WebRequest,7.6.4,false,Phase 4 MASTER source review and gap resolution,"Downloaded does not imply operational authority, accessibility, safety, or complete AOI coverage.",,Raw original remains outside Git. No product/model/UI connection is asserted.
kyoto_odpt_gtfs,kyoto_arashiyama,,Kyoto City Bus / operator GTFS-JP,Kyoto Municipal Transportation Bureau and relevant operators,OFFICIAL,station/transit,P1,https://ckan.odpt.org/dataset/kyoto_municipal_transportation_kyoto_city_bus_gtfs,https://ckan.odpt.org/dataset/kyoto_municipal_transportation_kyoto_city_bus_gtfs,2026-08-31T19:35:28Z,,current date-bounded resource,Public Transportation Open Data Basic License plus operator terms,LICENSE_REVIEW_REQUIRED,HUMAN_DOWNLOAD_REQUIRED,HUMAN_ACTION_REQUIRED,,,,,text/html,,GTFS_WGS84,UNKNOWN,NOT_APPLICABLE_OR_NOT_VERIFIED,Target AOIs only,,official primary-source inventory,2026-09-01,false,Phase 4 MASTER source review and gap resolution,Registration/token gate; tokens must never enter receipts or Git.,"Register with ODPT, accept terms, select current GTFS resource, download without retaining token/signed query, and record version.",No original data file acquired; stable official landing URL only.
kyoto_public_toilets_00307,shared,,Kyoto public and tourist toilets open data,Kyoto City Environment Policy Bureau,OFFICIAL,public toilets,P0,https://data.city.kyoto.lg.jp/resource/?id=20314,https://data.city.kyoto.lg.jp/resource/,2026-08-31T19:10:14Z,2026-03-06,resource id 20314 / updated 2026-03-06,CC BY 4.0,PERMITTED_WITH_OBLIGATIONS,DOWNLOADED,READY_FOR_METADATA_ONLY,receipt-kyoto_public_toilets_00307,20260306112900_オープンデータ（公衆トイレ、観光トイレ）.xlsx,56014,a46448d7bb6fe814631b1230e69ce6d825d36ccf0ddb35dc339bc49ed60fc764,application/force-download,16,NOT_EXPLICIT,NOT_EXPLICIT,NOT_APPLICABLE_OR_NOT_VERIFIED,Kyoto City,,PowerShell form POST,7.6.4,false,Phase 4 MASTER source review and gap resolution,"Downloaded does not imply operational authority, accessibility, safety, or complete AOI coverage.",,Raw original remains outside Git. No product/model/UI connection is asserted.
kyoto_public_toilets_00307_landing,shared,,Kyoto public toilets open-data landing page,Kyoto City Environment Policy Bureau,OFFICIAL,public toilets,P0,https://data.city.kyoto.lg.jp/dataset/00307/,https://data.city.kyoto.lg.jp/dataset/00307/,2026-08-31T18:52:44Z,,Updated 2026-03-06,CC BY 4.0,LICENSE_REVIEW_REQUIRED,DOWNLOADED,READY_FOR_METADATA_ONLY,receipt-kyoto_public_toilets_00307_landing,dataset_00307.html,7736,953ff30aa764427e057afb970b626a29cce6767e3c264258ea244b7da36104da,text/html,0,NOT_EXPLICIT,UNKNOWN,NOT_APPLICABLE_OR_NOT_VERIFIED,Kyoto City,,PowerShell Invoke-WebRequest,7.6.4,false,Phase 4 MASTER source review and gap resolution,"Downloaded does not imply operational authority, accessibility, safety, or complete AOI coverage.",,Raw original remains outside Git. No product/model/UI connection is asserted.
kyoto_saga_arashiyama_plan_2013,kyoto_arashiyama,,Saga-Arashiyama tourist evacuation guidance plan,Kyoto City,OFFICIAL,fire/evacuation guidance,P0,https://www.city.kyoto.lg.jp/gyozai/cmsfiles/contents/0000076/76886/keikaku_sagaarashiyama.pdf,https://www.city.kyoto.lg.jp/gyozai/cmsfiles/contents/0000076/76886/keikaku_sagaarashiyama.pdf,2026-08-31T18:52:40Z,,Published 2013-12; current revision requires confirmation,Kyoto City website terms,LICENSE_REVIEW_REQUIRED,DOWNLOADED,READY_FOR_METADATA_ONLY,receipt-kyoto_saga_arashiyama_plan_2013,keikaku_sagaarashiyama.pdf,2909109,777a6840ed69433cde48c857a27bf3f8add09b9e799b9a6076cccc67696c9454,application/pdf,0,NOT_APPLICABLE_PDF,UNKNOWN,NOT_APPLICABLE_OR_NOT_VERIFIED,Saga-Arashiyama,,PowerShell Invoke-WebRequest,7.6.4,false,Phase 4 MASTER source review and gap resolution,"Downloaded does not imply operational authority, accessibility, safety, or complete AOI coverage.",,Raw original remains outside Git. No product/model/UI connection is asserted.
kyoto_temporary_stay_facilities,kyoto_kiyomizu,,Kyoto temporary stay facilities,Kyoto City,OFFICIAL,temporary stay,P0,https://www.bousai.city.kyoto.lg.jp/kitakushien/temporary-lodgings,https://www.bousai.city.kyoto.lg.jp/kitakushien/temporary-lodgings,2026-08-31T19:35:28Z,,current landing,Kyoto City website terms,LICENSE_REVIEW_REQUIRED,METADATA_ONLY,READY_FOR_METADATA_ONLY,,,,,text/html,,NOT_EXPLICIT,UNKNOWN,NOT_APPLICABLE_OR_NOT_VERIFIED,Target AOIs only,,official primary-source inventory,2026-09-01,false,Phase 4 MASTER source review and gap resolution,No opening/capacity/entrance inference.,Acquire the current official facility list and dated operational conditions.,No original data file acquired; stable official landing URL only.
mlit_walkspace_kyoto_h23,shared,,MLIT walking-space network Kyoto area data,MLIT Policy Bureau,OFFICIAL,walking-space network,P1,https://www.geospatial.jp/ckan/dataset/12fed482-7b89-4441-90ab-dcef0b753b7b/resource/51247b97-da59-4a57-9d8d-995ad12983c9/download/08.zip,https://ckan-storage.s3.amazonaws.com/ckan/resources/51247b97-da59-4a57-9d8d-995ad12983c9/08.zip,2026-08-31T18:52:42Z,,Surveyed FY2011; legacy coverage requires bbox validation,Government standard terms / resource terms,LICENSE_REVIEW_REQUIRED,DOWNLOADED,LICENSE_REVIEW_REQUIRED,receipt-mlit_walkspace_kyoto_h23,08.zip,62079,7140bf6d0e4e96c2a40fe0018add57f4d2e6f38039ebef84b5edc7a45fc1f30c,application/octet-stream,2,REQUIRES_MEMBER_INSPECTION,UNKNOWN,NOT_APPLICABLE_OR_NOT_VERIFIED,Kyoto area; target coverage not yet established,,PowerShell Invoke-WebRequest,7.6.4,false,Phase 4 MASTER source review and gap resolution,"Legacy FY2011 survey; target-area coverage, nested archive encoding, CRS and current validity require inspection.",Review dataset-specific license/redistribution terms and package CRS/integrity before promotion.,Raw original remains outside Git. No product/model/UI connection is asserted.
nlni_a31b_2025_kyoto_flood,kyoto_arashiyama,,National Land Numerical Information Flood Inundation Assumption Area A31b 2025 Kyoto mesh 5235,"Ministry of Land, Infrastructure, Transport and Tourism",OFFICIAL,flood,P0,https://nlftp.mlit.go.jp/ksj/gml/data/A31b/A31b-25/A31b-25_10_5235_GEOJSON.zip,https://nlftp.mlit.go.jp/ksj/gml/data/A31b/A31b-25/A31b-25_10_5235_GEOJSON.zip,2026-08-31T18:57:03Z,2025,A31b 2025,CC BY 4.0,PERMITTED_WITH_OBLIGATIONS,DUPLICATE_REUSED,READY_FOR_INGESTION,receipt-nlni_a31b_2025_kyoto_flood,A31b-25_10_5235_GEOJSON.zip,55502814,5879b87f51b14414ae3698432d765cc565e5a9d48be4b62eb1ce646da5b7e96c,application/zip,6,EPSG:6668,JGD2011 formal latitude_longitude; GeoJSON serialization longitude_latitude must remain separate,NOT_APPLICABLE_OR_NOT_VERIFIED,Kyoto mesh 5235; AOI clipping deferred to Phase 4 MASTER,,Python shutil.copy2 + hashlib + zipfile/json,3.12.14,true,Phase 4 MASTER data normalization / candidate generation,City/mesh original; AOI clipping and hazard-to-edge interpretation are deferred. Overlap never implies closure.,,Raw original remains outside Git. No product/model/UI connection is asserted.
nlni_a40_2020_kanagawa_tsunami,fujisawa_enoshima,,National Land Numerical Information Tsunami Inundation Assumption A40 2020 Kanagawa,"Ministry of Land, Infrastructure, Transport and Tourism",OFFICIAL,tsunami,P0,https://nlftp.mlit.go.jp/ksj/gml/data/A40/A40-20/A40-20_14_GML.zip,https://nlftp.mlit.go.jp/ksj/gml/data/A40/A40-20/A40-20_14_GML.zip,2026-08-31T18:57:04Z,2020,A40 2020,National Land Numerical Information Terms of Use,LICENSE_REVIEW_REQUIRED,DUPLICATE_REUSED,LICENSE_REVIEW_REQUIRED,receipt-nlni_a40_2020_kanagawa_tsunami,A40-20_14_GML.zip,29821436,6b3192e4ed4f8f28d057e4738ecc0d2e7bef232d6adc3022f2d6aec8375f7479,application/zip,8,JGD2011 (archive specification; member validation required),formal_axis_requires_spec_check,NOT_APPLICABLE_OR_NOT_VERIFIED,Kanagawa Prefecture; AOI clipping deferred to Phase 4 MASTER,,Python shutil.copy2 + hashlib + zipfile/json,3.12.14,false,Phase 4 MASTER source review and gap resolution,Prefecture original; license/prefectural conditions and complete AOI subset require review. Overlap never implies route state.,Review dataset-specific license/redistribution terms and package CRS/integrity before promotion.,Raw original remains outside Git. No product/model/UI connection is asserted.
nlni_a40_product_spec_v2,fujisawa_enoshima,,National Land Numerical Information A40 product specification v2.0,MLIT,OFFICIAL,tsunami,P0,https://nlftp.mlit.go.jp/ksj/gml/product_spec/KS-PS-A40-v2_0.pdf,https://nlftp.mlit.go.jp/ksj/gml/product_spec/KS-PS-A40-v2_0.pdf,2026-08-31T18:52:42Z,,v2.0,National Land Numerical Information terms,LICENSE_REVIEW_REQUIRED,DOWNLOADED,READY_FOR_METADATA_ONLY,receipt-nlni_a40_product_spec_v2,KS-PS-A40-v2_0.pdf,531745,0b015ed0a4fb0fe55dae8dc797fd1aa2d894478ba5302bf10152e3e1855234ef,application/pdf,0,Documented in specification,UNKNOWN,NOT_APPLICABLE_OR_NOT_VERIFIED,Japan / A40 product,,PowerShell Invoke-WebRequest,7.6.4,false,Phase 4 MASTER source review and gap resolution,"Downloaded does not imply operational authority, accessibility, safety, or complete AOI coverage.",,Raw original remains outside Git. No product/model/UI connection is asserted.
nlni_bus_stops_p11_v3,shared,,NLNI bus stops P11 v3,MLIT,OFFICIAL,station/transit,P1,https://nlftp.mlit.go.jp/ksj/gml/datalist/KsjTmplt-P11-v3_0.html,https://nlftp.mlit.go.jp/ksj/gml/datalist/KsjTmplt-P11-v3_0.html,2026-08-31T19:35:28Z,,current selectable resource,National Land Numerical Information terms,LICENSE_REVIEW_REQUIRED,METADATA_ONLY,READY_FOR_METADATA_ONLY,,,,,text/html,,PRODUCT_METADATA_REQUIRED,UNKNOWN,NOT_APPLICABLE_OR_NOT_VERIFIED,Target AOIs only,,official primary-source inventory,2026-09-01,false,Phase 4 MASTER source review and gap resolution,National reference is not an operator-current service feed.,"Select current Kyoto/Kanagawa packages and preserve exact form query, version and original ZIP.",No original data file acquired; stable official landing URL only.
nlni_railway_n05_v2,shared,,NLNI railway N05 v2,MLIT,OFFICIAL,station/transit,P1,https://nlftp.mlit.go.jp/ksj/gml/datalist/KsjTmplt-N05-v2_0.html,https://nlftp.mlit.go.jp/ksj/gml/datalist/KsjTmplt-N05-v2_0.html,2026-08-31T19:35:28Z,,current selectable resource,National Land Numerical Information terms,LICENSE_REVIEW_REQUIRED,METADATA_ONLY,READY_FOR_METADATA_ONLY,,,,,text/html,,PRODUCT_METADATA_REQUIRED,UNKNOWN,NOT_APPLICABLE_OR_NOT_VERIFIED,Target AOIs only,,official primary-source inventory,2026-09-01,false,Phase 4 MASTER source review and gap resolution,Station points/lines do not establish entrances or accessibility.,"Select current Kyoto/Kanagawa packages and preserve exact form query, version and original ZIP.",No original data file acquired; stable official landing URL only.
osm_arashiyama_20260829,kyoto_arashiyama,,OpenStreetMap Arashiyama bounded historical snapshot,OpenStreetMap contributors,VGI,geometry,P0,https://overpass-api.de/api/interpreter,https://overpass-api.de/api/interpreter,2026-08-31T18:57:01Z,2026-08-29,snapshot 2026-08-29T00:00:00Z,ODbL 1.0,PERMITTED_WITH_OBLIGATIONS,DUPLICATE_REUSED,READY_FOR_INGESTION,receipt-osm_arashiyama_20260829,osm_arashiyama_20260829.raw.json,106464,1cde93d68bebf633989e825cbd5ac1e772cee81508043f44beb311250a1e8013,application/json,,EPSG:4326,longitude_latitude,longitude_latitude,Saga-Arashiyama candidate corridor; exact query retained,osm_arashiyama_20260829__osm_arashiyama_20260829,Python shutil.copy2 + hashlib + zipfile/json,3.12.14,true,Phase 4 MASTER data normalization / candidate generation,Prior central-Arashiyama bbox does not cover all three target stations.,,Raw original remains outside Git. No product/model/UI connection is asserted.
osm_fujisawa_enoshima_20260830,fujisawa_enoshima,,OpenStreetMap Katase-Enoshima bounded historical snapshot,OpenStreetMap contributors,VGI,geometry,P0,https://overpass-api.de/api/interpreter,https://overpass-api.de/api/interpreter,2026-08-31T18:57:03Z,2026-08-30,snapshot 2026-08-30T00:00:00Z,ODbL 1.0,PERMITTED_WITH_OBLIGATIONS,DUPLICATE_REUSED,READY_FOR_INGESTION,receipt-osm_fujisawa_enoshima_20260830,osm-corridor.raw.json,581965,c016cd4d6e2e6de4c5a43ba181dd24ec34f3ae774fbd83662fd795f700ad3d04,application/json,,EPSG:4326,longitude_latitude,longitude_latitude,Katase-Enoshima candidate corridor; exact query retained,osm_fujisawa_enoshima_20260830__osm-corridor,Python shutil.copy2 + hashlib + zipfile/json,3.12.14,true,Phase 4 MASTER data normalization / candidate generation,Prior query is highway-oriented and does not comprehensively acquire standalone POI/entrance nodes.,,Raw original remains outside Git. No product/model/UI connection is asserted.
osm_fujisawa_enoshima_20260901,fujisawa_enoshima,,OpenStreetMap bounded historical snapshot for fujisawa_enoshima,OpenStreetMap contributors,VGI,geometry,P0,https://overpass-api.de/api/interpreter,https://overpass-api.de/api/interpreter,2026-08-31T18:59:56Z,2026-08-31T18:58:29Z,requested 2026-09-01T00:00:00Z; served latest available OSM base observed 2026-08-31T18:58:29Z,ODbL 1.0,PERMITTED_WITH_OBLIGATIONS,DOWNLOADED,READY_FOR_INGESTION,receipt-osm_fujisawa_enoshima_20260901,osm_fujisawa_enoshima_20260901.raw.json,792933,1597d69d2504d85b04b7a3ec4a14c03f4e70719bfbdf126f856d785f45f61ba7,application/json,,EPSG:4326,longitude_latitude,longitude_latitude,Master-defined AOI; see retained query and AOI GeoJSON,osm_fujisawa_enoshima_20260901,PowerShell Invoke-WebRequest GET,7.6.4,true,Phase 4 MASTER data normalization / candidate generation,VGI candidate snapshot only; tag absence is UNKNOWN and field continuity is not established.,,Raw original remains outside Git. No product/model/UI connection is asserted.
osm_kiyomizu_gion_corridor_20260830,kyoto_kiyomizu,kiyomizu,OpenStreetMap Kiyomizu-Gion bounded historical snapshot,OpenStreetMap contributors,VGI,geometry,P0,https://overpass-api.de/api/interpreter,https://overpass-api.de/api/interpreter,2026-08-31T18:57:01Z,2026-08-30,snapshot 2026-08-30T00:00:00Z,ODbL 1.0,PERMITTED_WITH_OBLIGATIONS,DUPLICATE_REUSED,READY_FOR_INGESTION,receipt-osm_kiyomizu_gion_corridor_20260830,osm_corridor_20260830.raw.json,23500,3d21ce674776c5c3e37c507c09a9458e062d2d31f5718b3e702313838ef7d2ec,application/json,,EPSG:4326,longitude_latitude,longitude_latitude,Kiyomizu-Gion candidate corridor; exact query retained,osm_kiyomizu_gion_corridor_20260830__osm_corridor_20260830,Python shutil.copy2 + hashlib + zipfile/json,3.12.14,true,Phase 4 MASTER data normalization / candidate generation,Named-way Kiyomizu baseline only; it does not cover Gion/connector/stations comprehensively.,,Raw original remains outside Git. No product/model/UI connection is asserted.
osm_kyoto_arashiyama_20260901,kyoto_arashiyama,,OpenStreetMap bounded historical snapshot for kyoto_arashiyama,OpenStreetMap contributors,VGI,geometry,P0,https://overpass-api.de/api/interpreter,https://overpass-api.de/api/interpreter,2026-08-31T18:59:42Z,2026-08-31T18:57:26Z,requested 2026-09-01T00:00:00Z; served latest available OSM base observed 2026-08-31T18:57:26Z,ODbL 1.0,PERMITTED_WITH_OBLIGATIONS,DOWNLOADED,READY_FOR_INGESTION,receipt-osm_kyoto_arashiyama_20260901,osm_kyoto_arashiyama_20260901.raw.json,1101231,1e8f10682a9db854347eb09444e4387dceec72d6e5885fbea2da03b642b25de3,application/json,,EPSG:4326,longitude_latitude,longitude_latitude,Master-defined AOI; see retained query and AOI GeoJSON,osm_kyoto_arashiyama_20260901,PowerShell Invoke-WebRequest GET,7.6.4,true,Phase 4 MASTER data normalization / candidate generation,VGI candidate snapshot only; tag absence is UNKNOWN and field continuity is not established.,,Raw original remains outside Git. No product/model/UI connection is asserted.
osm_kyoto_kiyomizu_gion_20260901,kyoto_kiyomizu,kiyomizu_gion_connector,OpenStreetMap bounded historical snapshot for kyoto_kiyomizu,OpenStreetMap contributors,VGI,geometry,P0,https://overpass-api.de/api/interpreter,https://overpass-api.de/api/interpreter,2026-08-31T18:59:26Z,2026-08-31T18:56:21Z,requested 2026-09-01T00:00:00Z; served latest available OSM base observed 2026-08-31T18:56:21Z,ODbL 1.0,PERMITTED_WITH_OBLIGATIONS,DOWNLOADED,READY_FOR_INGESTION,receipt-osm_kyoto_kiyomizu_gion_20260901,osm_kyoto_kiyomizu_gion_20260901.raw.json,2318435,c4d1563f572d66689185607bf83e3da8e0a895b6d4e0a7326a7bad11b945618e,application/json,,EPSG:4326,longitude_latitude,longitude_latitude,Master-defined AOI; see retained query and AOI GeoJSON,osm_kyoto_kiyomizu_gion_20260901,PowerShell Invoke-WebRequest GET,7.6.4,true,Phase 4 MASTER data normalization / candidate generation,VGI candidate snapshot only; tag absence is UNKNOWN and field continuity is not established.,,Raw original remains outside Git. No product/model/UI connection is asserted.
plateau_fujisawa_2025_citygml_v5,fujisawa_enoshima,,3D city model Project PLATEAU Fujisawa City 2025 CityGML,MLIT Project PLATEAU,OFFICIAL,PLATEAU,P0,https://assets.cms.plateau.reearth.io/assets/f6/937d63-b787-4319-a5a5-bedcafde2cc7/14205_fujisawa-shi_city_2025_citygml_1_op.zip,https://assets.cms.plateau.reearth.io/assets/f6/937d63-b787-4319-a5a5-bedcafde2cc7/14205_fujisawa-shi_city_2025_citygml_1_op.zip,2026-08-31T18:52:45Z,,FY2025 / product specification v5,PLATEAU Site Policy section 3 / embedded source terms,LICENSE_REVIEW_REQUIRED,DOWNLOADED,LICENSE_REVIEW_REQUIRED,receipt-plateau_fujisawa_2025_citygml_v5,14205_fujisawa-shi_city_2025_citygml_1_op.zip,736037983,7e85ff8e1642b9c2cc627f356acedbe792e95fac25febe2ee70c9312d6c415ea,application/zip,4928,NOT_EXPLICIT_UNTIL_PACKAGE_INSPECTION,UNKNOWN,NOT_APPLICABLE_OR_NOT_VERIFIED,Fujisawa City,,PowerShell Invoke-WebRequest,7.6.4,false,Phase 4 MASTER source review and gap resolution,Large city package outside Git; CRS/member/source terms and full decompression must pass before ingestion.,Review dataset-specific license/redistribution terms and package CRS/integrity before promotion.,Raw original remains outside Git. No product/model/UI connection is asserted.
plateau_fujisawa_2025_index,fujisawa_enoshima,,Project PLATEAU Fujisawa City 2025 index map,MLIT Project PLATEAU,OFFICIAL,PLATEAU,P0,https://assets.cms.plateau.reearth.io/assets/ce/3e7ba6-bf54-413f-9059-c32506a2dabc/14205_fujisawa-shi_indexmap_op.pdf,https://assets.cms.plateau.reearth.io/assets/ce/3e7ba6-bf54-413f-9059-c32506a2dabc/14205_fujisawa-shi_indexmap_op.pdf,2026-08-31T18:52:39Z,,FY2025 / product specification v5,PLATEAU Site Policy section 3,LICENSE_REVIEW_REQUIRED,DOWNLOADED,READY_FOR_METADATA_ONLY,receipt-plateau_fujisawa_2025_index,14205_fujisawa-shi_indexmap_op.pdf,861639,2f0c61b7796c482d818c49e6f5ee5d07f88032d993a4c63cb7c3314eb4565b84,application/pdf,0,NOT_EXPLICIT,UNKNOWN,NOT_APPLICABLE_OR_NOT_VERIFIED,Fujisawa City,,PowerShell Invoke-WebRequest,7.6.4,false,Phase 4 MASTER source review and gap resolution,"Downloaded does not imply operational authority, accessibility, safety, or complete AOI coverage.",,Raw original remains outside Git. No product/model/UI connection is asserted.
plateau_fujisawa_2025_related,fujisawa_enoshima,,Project PLATEAU Fujisawa City 2025 related data package,MLIT Project PLATEAU,OFFICIAL,PLATEAU,P0,https://assets.cms.plateau.reearth.io/assets/b4/1dc466-782e-47b1-98d1-c7349d400c95/14205_fujisawa-shi_2025_related.zip,https://assets.cms.plateau.reearth.io/assets/b4/1dc466-782e-47b1-98d1-c7349d400c95/14205_fujisawa-shi_2025_related.zip,2026-08-31T18:52:40Z,,FY2025 / product specification v5,PLATEAU Site Policy section 3 / embedded source terms,LICENSE_REVIEW_REQUIRED,DOWNLOADED,READY_FOR_METADATA_ONLY,receipt-plateau_fujisawa_2025_related,14205_fujisawa-shi_2025_related.zip,149920,992a2310527c672e0ce7317a2c3cfdd97d53dcb5d5241fe3c3b8bd9a1daead19,application/zip,7,MIXED_REQUIRES_MEMBER_INVENTORY,UNKNOWN,NOT_APPLICABLE_OR_NOT_VERIFIED,Fujisawa City,,PowerShell Invoke-WebRequest,7.6.4,false,Phase 4 MASTER source review and gap resolution,"Downloaded does not imply operational authority, accessibility, safety, or complete AOI coverage.",,Raw original remains outside Git. No product/model/UI connection is asserted.
plateau_fujisawa_catalog_20260830,fujisawa_enoshima,,Project PLATEAU dataset catalog snapshot for Fujisawa discovery,"Ministry of Land, Infrastructure, Transport and Tourism Project PLATEAU",OFFICIAL,PLATEAU,P0,https://api.plateauview.mlit.go.jp/datacatalog/plateau-datasets,https://api.plateauview.mlit.go.jp/datacatalog/plateau-datasets,2026-08-31T18:57:04Z,2026-08-30,catalog snapshot 2026-08-30,PLATEAU Site Policy / dataset-specific terms require review,LICENSE_REVIEW_REQUIRED,DUPLICATE_REUSED,READY_FOR_METADATA_ONLY,receipt-plateau_fujisawa_catalog_20260830,plateau-datasets-20260830.json,9121829,f81de93adfb2c62bb04f1df36213a625a7055e68b2fc991a9fc2aedf39cb7ebc,application/json,,NOT_APPLICABLE_METADATA,NOT_APPLICABLE,NOT_APPLICABLE_OR_NOT_VERIFIED,Fujisawa City catalog records,,Python shutil.copy2 + hashlib + zipfile/json,3.12.14,false,Phase 4 MASTER source review and gap resolution,Catalog metadata only; the legacy metadata file had a contradictory byte count and is not connection authority.,,Raw original remains outside Git. No product/model/UI connection is asserted.
plateau_kyoto_2025_citygml_v5,shared,,3D city model Project PLATEAU Kyoto City 2025 CityGML,MLIT Project PLATEAU,OFFICIAL,PLATEAU,P0,https://assets.cms.plateau.reearth.io/assets/c8/4c6540-2bcf-4773-b21d-74ad2d9f1ba1/26100_kyoto-shi_city_2025_citygml_1_op.zip,https://assets.cms.plateau.reearth.io/assets/c8/4c6540-2bcf-4773-b21d-74ad2d9f1ba1/26100_kyoto-shi_city_2025_citygml_1_op.zip,2026-08-31T19:13:03Z,FY2025,FY2025 / product specification v5,PLATEAU Site Policy section 3 / embedded source terms,LICENSE_REVIEW_REQUIRED,DOWNLOADED,LICENSE_REVIEW_REQUIRED,receipt-plateau_kyoto_2025_citygml_v5,26100_kyoto-shi_city_2025_citygml_1_op.zip,2700713512,3ea8f10ac188b7042d151efdf29534f060196e523b1d66e8eb892e82a7ec293c,application/zip,97678,NOT_EXPLICIT_UNTIL_PACKAGE_INSPECTION,PACKAGE_METADATA_REQUIRED,NOT_APPLICABLE_OR_NOT_VERIFIED,Kyoto City (covers both Kyoto target city packs),,curl.exe after PowerShell >2GB stream limitation,curl 8.21.0 (Windows) libcurl/8.21.0 Schannel zlib/1.3.2 WinIDN WinLDAP,false,Phase 4 MASTER source review and gap resolution,Large city package outside Git; CRS/member/source terms and full decompression must pass before ingestion.,Review dataset-specific license/redistribution terms and package CRS/integrity before promotion.,Raw original remains outside Git. No product/model/UI connection is asserted.
plateau_kyoto_2025_index,kyoto_kiyomizu,,Project PLATEAU Kyoto City 2025 index map,MLIT Project PLATEAU,OFFICIAL,PLATEAU,P0,https://assets.cms.plateau.reearth.io/assets/0f/4b712b-5ca1-476d-a5be-df67c70d8a88/26100_indexmap_op.pdf,https://assets.cms.plateau.reearth.io/assets/0f/4b712b-5ca1-476d-a5be-df67c70d8a88/26100_indexmap_op.pdf,2026-08-31T18:52:38Z,,FY2025 / product specification v5,PLATEAU Site Policy section 3,LICENSE_REVIEW_REQUIRED,DOWNLOADED,READY_FOR_METADATA_ONLY,receipt-plateau_kyoto_2025_index,26100_indexmap_op.pdf,5198591,fc091193a62961765d877b2f400ff73a583cc670b38096019d7a85c6d072e750,application/pdf,0,NOT_EXPLICIT,UNKNOWN,NOT_APPLICABLE_OR_NOT_VERIFIED,Kyoto City,,PowerShell Invoke-WebRequest,7.6.4,false,Phase 4 MASTER source review and gap resolution,"Downloaded does not imply operational authority, accessibility, safety, or complete AOI coverage.",,Raw original remains outside Git. No product/model/UI connection is asserted.
plateau_kyoto_2025_related,kyoto_kiyomizu,,Project PLATEAU Kyoto City 2025 landing-page related data package,MLIT Project PLATEAU,OFFICIAL,PLATEAU,P0,https://assets.cms.plateau.reearth.io/assets/80/246326-a985-4ff3-8c6b-6f46f80d4d5b/26100_kyoto-shi_2024_related.zip,https://assets.cms.plateau.reearth.io/assets/80/246326-a985-4ff3-8c6b-6f46f80d4d5b/26100_kyoto-shi_2024_related.zip,2026-08-31T18:52:39Z,,FY2025 landing; original filename contains 2024 and must be reviewed,PLATEAU Site Policy section 3 / embedded source terms,LICENSE_REVIEW_REQUIRED,DOWNLOADED,READY_FOR_METADATA_ONLY,receipt-plateau_kyoto_2025_related,26100_kyoto-shi_2024_related.zip,361291,abe4f2e9623568b79e5103904e7debe7d2a8f089f8244d56c21b589a6ffa7fc9,application/zip,40,MIXED_REQUIRES_MEMBER_INVENTORY,UNKNOWN,NOT_APPLICABLE_OR_NOT_VERIFIED,Kyoto City,,PowerShell Invoke-WebRequest,7.6.4,false,Phase 4 MASTER source review and gap resolution,FY2025 landing provides an original filename containing 2024; source dates and current municipal authority must be reviewed.,,Raw original remains outside Git. No product/model/UI connection is asserted.
plateau_kyoto_bldg_tileset_20260830,kyoto_kiyomizu,gion,Project PLATEAU Kyoto building 3D Tiles metadata snapshot,"Ministry of Land, Infrastructure, Transport and Tourism Project PLATEAU",OFFICIAL,PLATEAU,P0,https://api.plateauview.mlit.go.jp/datacatalog/3dtiles/26100-bldg-lod2-texture-2025/tileset.json,https://api.plateauview.mlit.go.jp/datacatalog/3dtiles/26100-bldg-lod2-texture-2025/tileset.json,2026-08-31T18:57:04Z,2026-08-30,Kyoto City 2025 candidate tileset snapshot,PLATEAU Site Policy / dataset-specific terms require review,LICENSE_REVIEW_REQUIRED,DUPLICATE_REUSED,READY_FOR_METADATA_ONLY,receipt-plateau_kyoto_bldg_tileset_20260830,plateau_26100_bldg_tileset_20260830.json,3808,ce58a92bb9da595d9251cd72b7b77af6da9a3748628a0e8370ffc6fbc6312242,application/json,,3D Tiles coordinate metadata; runtime interpretation deferred,NOT_APPLICABLE_METADATA,NOT_APPLICABLE_OR_NOT_VERIFIED,Kyoto City; corridor coverage not established,,Python shutil.copy2 + hashlib + zipfile/json,3.12.14,false,Phase 4 MASTER source review and gap resolution,Dynamic tileset metadata only; corridor coverage and runtime availability are not established.,,Raw original remains outside Git. No product/model/UI connection is asserted.
