source_file,source_line,name,address,phone,ostomate_detail_marker,coordinates,source_url,license_terms,classification,metadata_scope
藤沢バリアフリー施設.txt,1052,藤沢駅（JR）,藤沢市藤沢75,050-2016-1600,true,UNKNOWN,UNKNOWN_NOT_EMBEDDED_WITH_TABLE,LICENSE_REVIEW_REQUIRED,METADATA_ONLY,ADDRESS_ONLY_LEGACY_DISCOVERY
藤沢バリアフリー施設.txt,1053,藤沢駅（小田急）,藤沢市南藤沢1-1,0466-22-2759,true,UNKNOWN,UNKNOWN_NOT_EMBEDDED_WITH_TABLE,LICENSE_REVIEW_REQUIRED,METADATA_ONLY,ADDRESS_ONLY_LEGACY_DISCOVERY
藤沢バリアフリー施設.txt,1054,藤沢駅（江ノ電）,藤沢市南藤沢21-1-201,0466-23-2355,true,UNKNOWN,UNKNOWN_NOT_EMBEDDED_WITH_TABLE,LICENSE_REVIEW_REQUIRED,METADATA_ONLY,ADDRESS_ONLY_LEGACY_DISCOVERY
藤沢バリアフリー施設.txt,1055,辻堂駅（JR）,藤沢市辻堂神台1-1-19,050-2016-1600,true,UNKNOWN,UNKNOWN_NOT_EMBEDDED_WITH_TABLE,LICENSE_REVIEW_REQUIRED,METADATA_ONLY,ADDRESS_ONLY_LEGACY_DISCOVERY
藤沢バリアフリー施設.txt,1056,長後駅（小田急）,藤沢市下土棚472,046-261-1363（大和駅）,true,UNKNOWN,UNKNOWN_NOT_EMBEDDED_WITH_TABLE,LICENSE_REVIEW_REQUIRED,METADATA_ONLY,ADDRESS_ONLY_LEGACY_DISCOVERY
藤沢バリアフリー施設.txt,1057,湘南台駅（小田急）,藤沢市湘南台2-15,046-261-1363（大和駅）,true,UNKNOWN,UNKNOWN_NOT_EMBEDDED_WITH_TABLE,LICENSE_REVIEW_REQUIRED,METADATA_ONLY,ADDRESS_ONLY_LEGACY_DISCOVERY
藤沢バリアフリー施設.txt,1058,湘南台駅（相鉄）,藤沢市湘南台2-41-17,0466-45-4738,true,UNKNOWN,UNKNOWN_NOT_EMBEDDED_WITH_TABLE,LICENSE_REVIEW_REQUIRED,METADATA_ONLY,ADDRESS_ONLY_LEGACY_DISCOVERY
藤沢バリアフリー施設.txt,1059,六会日大前駅（小田急）,藤沢市亀井野1-1-1,0466-22-2759（藤沢駅）,true,UNKNOWN,UNKNOWN_NOT_EMBEDDED_WITH_TABLE,LICENSE_REVIEW_REQUIRED,METADATA_ONLY,ADDRESS_ONLY_LEGACY_DISCOVERY
藤沢バリアフリー施設.txt,1060,善行駅（小田急）,藤沢市善行1-27,0466-22-2759（藤沢駅）,true,UNKNOWN,UNKNOWN_NOT_EMBEDDED_WITH_TABLE,LICENSE_REVIEW_REQUIRED,METADATA_ONLY,ADDRESS_ONLY_LEGACY_DISCOVERY
藤沢バリアフリー施設.txt,1061,藤沢本町駅（小田急）,藤沢市藤沢3-3-4,0466-22-2759（藤沢駅）,true,UNKNOWN,UNKNOWN_NOT_EMBEDDED_WITH_TABLE,LICENSE_REVIEW_REQUIRED,METADATA_ONLY,ADDRESS_ONLY_LEGACY_DISCOVERY
藤沢バリアフリー施設.txt,1062,本鵠沼駅（小田急）,藤沢市本鵠沼2-13-14,0466-22-2759（藤沢駅）,true,UNKNOWN,UNKNOWN_NOT_EMBEDDED_WITH_TABLE,LICENSE_REVIEW_REQUIRED,METADATA_ONLY,ADDRESS_ONLY_LEGACY_DISCOVERY
藤沢バリアフリー施設.txt,1063,鵠沼海岸駅（小田急）,藤沢市鵠沼海岸2-4-10,0466-22-2759（藤沢駅）,true,UNKNOWN,UNKNOWN_NOT_EMBEDDED_WITH_TABLE,LICENSE_REVIEW_REQUIRED,METADATA_ONLY,ADDRESS_ONLY_LEGACY_DISCOVERY
藤沢バリアフリー施設.txt,1064,片瀬江ノ島駅（小田急）,藤沢市片瀬海岸2-15-3,,true,UNKNOWN,UNKNOWN_NOT_EMBEDDED_WITH_TABLE,LICENSE_REVIEW_REQUIRED,METADATA_ONLY,ADDRESS_ONLY_LEGACY_DISCOVERY
藤沢バリアフリー施設.txt,1066,江ノ島駅（江ノ電）,藤沢市片瀬海岸1-4-7,0466-25-3480,true,UNKNOWN,UNKNOWN_NOT_EMBEDDED_WITH_TABLE,LICENSE_REVIEW_REQUIRED,METADATA_ONLY,ADDRESS_ONLY_LEGACY_DISCOVERY
藤沢バリアフリー施設.txt,1067,湘南江の島駅（湘南モノレール）,藤沢市片瀬3-15-1,0466-23-0073,true,UNKNOWN,UNKNOWN_NOT_EMBEDDED_WITH_TABLE,LICENSE_REVIEW_REQUIRED,METADATA_ONLY,ADDRESS_ONLY_LEGACY_DISCOVERY
藤沢バリアフリー施設.txt,1068,目白山下駅（湘南モノレール）,藤沢市片瀬3-2776,なし,false,UNKNOWN,UNKNOWN_NOT_EMBEDDED_WITH_TABLE,LICENSE_REVIEW_REQUIRED,METADATA_ONLY,ADDRESS_ONLY_LEGACY_DISCOVERY
藤沢バリアフリー施設.txt,1069,石上駅（江ノ電）,藤沢市鵠沼橘1-9-3,0466-23-2355（藤沢駅）,false,UNKNOWN,UNKNOWN_NOT_EMBEDDED_WITH_TABLE,LICENSE_REVIEW_REQUIRED,METADATA_ONLY,ADDRESS_ONLY_LEGACY_DISCOVERY
藤沢バリアフリー施設.txt,1070,柳小路駅（江ノ電）,藤沢市鵠沼藤が谷4-8-11,0466-23-2355（藤沢駅）,false,UNKNOWN,UNKNOWN_NOT_EMBEDDED_WITH_TABLE,LICENSE_REVIEW_REQUIRED,METADATA_ONLY,ADDRESS_ONLY_LEGACY_DISCOVERY
藤沢バリアフリー施設.txt,1071,鵠沼駅（江ノ電）,藤沢市鵠沼松が岡1-1-1,0466-25-3846,false,UNKNOWN,UNKNOWN_NOT_EMBEDDED_WITH_TABLE,LICENSE_REVIEW_REQUIRED,METADATA_ONLY,ADDRESS_ONLY_LEGACY_DISCOVERY
藤沢バリアフリー施設.txt,1072,湘南海岸公園駅（江ノ電）,藤沢市片瀬4-9-22,0466-25-3480（江ノ島駅）,false,UNKNOWN,UNKNOWN_NOT_EMBEDDED_WITH_TABLE,LICENSE_REVIEW_REQUIRED,METADATA_ONLY,ADDRESS_ONLY_LEGACY_DISCOVERY
藤沢バリアフリー施設.txt,1073,市役所（本庁舎）,藤沢市朝日町1-1,0466-25-1111,true,UNKNOWN,UNKNOWN_NOT_EMBEDDED_WITH_TABLE,LICENSE_REVIEW_REQUIRED,METADATA_ONLY,ADDRESS_ONLY_LEGACY_DISCOVERY
藤沢バリアフリー施設.txt,1074,市役所（分庁舎）,藤沢市朝日町1-1,0466-25-1111,true,UNKNOWN,UNKNOWN_NOT_EMBEDDED_WITH_TABLE,LICENSE_REVIEW_REQUIRED,METADATA_ONLY,ADDRESS_ONLY_LEGACY_DISCOVERY
藤沢バリアフリー施設.txt,1075,六会市民センター,藤沢市亀井野4-8-1,0466-81-6677,true,UNKNOWN,UNKNOWN_NOT_EMBEDDED_WITH_TABLE,LICENSE_REVIEW_REQUIRED,METADATA_ONLY,ADDRESS_ONLY_LEGACY_DISCOVERY
藤沢バリアフリー施設.txt,1076,石川コミュニティセンター・六会市民センター石川分館,藤沢市石川1-1-22,0466-88-5600,false,UNKNOWN,UNKNOWN_NOT_EMBEDDED_WITH_TABLE,LICENSE_REVIEW_REQUIRED,METADATA_ONLY,ADDRESS_ONLY_LEGACY_DISCOVERY
藤沢バリアフリー施設.txt,1077,片瀬市民センター,藤沢市片瀬3-9-6,0466-27-2711,false,UNKNOWN,UNKNOWN_NOT_EMBEDDED_WITH_TABLE,LICENSE_REVIEW_REQUIRED,METADATA_ONLY,ADDRESS_ONLY_LEGACY_DISCOVERY
藤沢バリアフリー施設.txt,1078,片瀬しおさいセンター（片瀬市民センター分館）,藤沢市片瀬4-9-22,0466-29-6668,false,UNKNOWN,UNKNOWN_NOT_EMBEDDED_WITH_TABLE,LICENSE_REVIEW_REQUIRED,METADATA_ONLY,ADDRESS_ONLY_LEGACY_DISCOVERY
藤沢バリアフリー施設.txt,1079,明治市民センター,藤沢市辻堂新町1-11-23,0466-34-3444,true,UNKNOWN,UNKNOWN_NOT_EMBEDDED_WITH_TABLE,LICENSE_REVIEW_REQUIRED,METADATA_ONLY,ADDRESS_ONLY_LEGACY_DISCOVERY
藤沢バリアフリー施設.txt,1080,御所見市民センター,藤沢市打戻1760-1,0466-48-1002,true,UNKNOWN,UNKNOWN_NOT_EMBEDDED_WITH_TABLE,LICENSE_REVIEW_REQUIRED,METADATA_ONLY,ADDRESS_ONLY_LEGACY_DISCOVERY
藤沢バリアフリー施設.txt,1081,遠藤市民センター,藤沢市遠藤2984-3,0466-87-3009,true,UNKNOWN,UNKNOWN_NOT_EMBEDDED_WITH_TABLE,LICENSE_REVIEW_REQUIRED,METADATA_ONLY,ADDRESS_ONLY_LEGACY_DISCOVERY
藤沢バリアフリー施設.txt,1082,長後市民センター,藤沢市長後513,0466-44-1622,false,UNKNOWN,UNKNOWN_NOT_EMBEDDED_WITH_TABLE,LICENSE_REVIEW_REQUIRED,METADATA_ONLY,ADDRESS_ONLY_LEGACY_DISCOVERY
藤沢バリアフリー施設.txt,1083,辻堂市民センター,藤沢市辻堂西海岸2-1-17,0466-34-8661,true,UNKNOWN,UNKNOWN_NOT_EMBEDDED_WITH_TABLE,LICENSE_REVIEW_REQUIRED,METADATA_ONLY,ADDRESS_ONLY_LEGACY_DISCOVERY
藤沢バリアフリー施設.txt,1084,善行市民センター,藤沢市善行1-2-3,0466-81-4431,true,UNKNOWN,UNKNOWN_NOT_EMBEDDED_WITH_TABLE,LICENSE_REVIEW_REQUIRED,METADATA_ONLY,ADDRESS_ONLY_LEGACY_DISCOVERY
藤沢バリアフリー施設.txt,1085,湘南大庭市民センター,藤沢市大庭5406-1,0466-87-1111,true,UNKNOWN,UNKNOWN_NOT_EMBEDDED_WITH_TABLE,LICENSE_REVIEW_REQUIRED,METADATA_ONLY,ADDRESS_ONLY_LEGACY_DISCOVERY
藤沢バリアフリー施設.txt,1086,湘南台市民センター,藤沢市湘南台1-8,0466-45-1600,true,UNKNOWN,UNKNOWN_NOT_EMBEDDED_WITH_TABLE,LICENSE_REVIEW_REQUIRED,METADATA_ONLY,ADDRESS_ONLY_LEGACY_DISCOVERY
藤沢バリアフリー施設.txt,1087,鵠沼市民センター,藤沢市鵠沼海岸2-10-34,0466-33-2001,true,UNKNOWN,UNKNOWN_NOT_EMBEDDED_WITH_TABLE,LICENSE_REVIEW_REQUIRED,METADATA_ONLY,ADDRESS_ONLY_LEGACY_DISCOVERY
藤沢バリアフリー施設.txt,1088,藤沢市藤沢市民センター・労働会館等複合施設（Fプレイス）,藤沢市本町1-12-17,0466-26-7811,true,UNKNOWN,UNKNOWN_NOT_EMBEDDED_WITH_TABLE,LICENSE_REVIEW_REQUIRED,METADATA_ONLY,ADDRESS_ONLY_LEGACY_DISCOVERY
藤沢バリアフリー施設.txt,1089,済美館（藤沢市民センター分館）,藤沢市本町4-6-16,0466-28-4471,false,UNKNOWN,UNKNOWN_NOT_EMBEDDED_WITH_TABLE,LICENSE_REVIEW_REQUIRED,METADATA_ONLY,ADDRESS_ONLY_LEGACY_DISCOVERY
藤沢バリアフリー施設.txt,1090,村岡市民センター,藤沢市村岡東1-5-17,0466-23-0634,false,UNKNOWN,UNKNOWN_NOT_EMBEDDED_WITH_TABLE,LICENSE_REVIEW_REQUIRED,METADATA_ONLY,ADDRESS_ONLY_LEGACY_DISCOVERY
藤沢バリアフリー施設.txt,1091,藤沢市保健所・南保健センター,藤沢市鵠沼2131-1,0466-50-3592,true,UNKNOWN,UNKNOWN_NOT_EMBEDDED_WITH_TABLE,LICENSE_REVIEW_REQUIRED,METADATA_ONLY,ADDRESS_ONLY_LEGACY_DISCOVERY
藤沢バリアフリー施設.txt,1092,保健医療センター,藤沢市大庭5527-1,0466-88-7300,false,UNKNOWN,UNKNOWN_NOT_EMBEDDED_WITH_TABLE,LICENSE_REVIEW_REQUIRED,METADATA_ONLY,ADDRESS_ONLY_LEGACY_DISCOVERY
藤沢バリアフリー施設.txt,1093,太陽の家（体育館）,藤沢市鵠沼海岸6-6-12,0466-33-1411,true,UNKNOWN,UNKNOWN_NOT_EMBEDDED_WITH_TABLE,LICENSE_REVIEW_REQUIRED,METADATA_ONLY,ADDRESS_ONLY_LEGACY_DISCOVERY
藤沢バリアフリー施設.txt,1094,いきいきシニアセンター(藤沢市老人福祉センター)「やすらぎ荘」,藤沢市稲荷586,0466-81-6068,false,UNKNOWN,UNKNOWN_NOT_EMBEDDED_WITH_TABLE,LICENSE_REVIEW_REQUIRED,METADATA_ONLY,ADDRESS_ONLY_LEGACY_DISCOVERY
藤沢バリアフリー施設.txt,1095,いきいきシニアセンター（老人福祉センター）「湘南なぎさ荘」,藤沢市鵠沼海岸6-17-7,0466-36-2315,true,UNKNOWN,UNKNOWN_NOT_EMBEDDED_WITH_TABLE,LICENSE_REVIEW_REQUIRED,METADATA_ONLY,ADDRESS_ONLY_LEGACY_DISCOVERY
藤沢バリアフリー施設.txt,1096,いきいきシニアセンター(藤沢市老人福祉センター)「こぶし荘」,藤沢市下土棚800-1,0466-45-3121,true,UNKNOWN,UNKNOWN_NOT_EMBEDDED_WITH_TABLE,LICENSE_REVIEW_REQUIRED,METADATA_ONLY,ADDRESS_ONLY_LEGACY_DISCOVERY
藤沢バリアフリー施設.txt,1097,生きがい福祉センター,藤沢市鵠沼神明1-3-18,0466-27-1100,true,UNKNOWN,UNKNOWN_NOT_EMBEDDED_WITH_TABLE,LICENSE_REVIEW_REQUIRED,METADATA_ONLY,ADDRESS_ONLY_LEGACY_DISCOVERY
藤沢バリアフリー施設.txt,1098,長後老人憩の家,藤沢市長後1489,,false,UNKNOWN,UNKNOWN_NOT_EMBEDDED_WITH_TABLE,LICENSE_REVIEW_REQUIRED,METADATA_ONLY,ADDRESS_ONLY_LEGACY_DISCOVERY
藤沢バリアフリー施設.txt,1100,御所見老人ふれあいの家,藤沢市打戻1721,,true,UNKNOWN,UNKNOWN_NOT_EMBEDDED_WITH_TABLE,LICENSE_REVIEW_REQUIRED,METADATA_ONLY,ADDRESS_ONLY_LEGACY_DISCOVERY
藤沢バリアフリー施設.txt,1102,善行老人憩の家,藤沢市善行団地3-18,,false,UNKNOWN,UNKNOWN_NOT_EMBEDDED_WITH_TABLE,LICENSE_REVIEW_REQUIRED,METADATA_ONLY,ADDRESS_ONLY_LEGACY_DISCOVERY
藤沢バリアフリー施設.txt,1104,藤沢市社会福祉協議会,藤沢市朝日町1-1　藤沢市役所分庁舎1階・2階,[1階],false,UNKNOWN,UNKNOWN_NOT_EMBEDDED_WITH_TABLE,LICENSE_REVIEW_REQUIRED,METADATA_ONLY,ADDRESS_ONLY_LEGACY_DISCOVERY
藤沢バリアフリー施設.txt,1110,六会いきいきサポートセンター,藤沢市亀井野4-8-1　六会市民センター内,0466-80-5877,false,UNKNOWN,UNKNOWN_NOT_EMBEDDED_WITH_TABLE,LICENSE_REVIEW_REQUIRED,METADATA_ONLY,ADDRESS_ONLY_LEGACY_DISCOVERY
藤沢バリアフリー施設.txt,1111,片瀬いきいきサポートセンター,藤沢市片瀬4-9-22　片瀬しおさい荘内,0466-29-5066,false,UNKNOWN,UNKNOWN_NOT_EMBEDDED_WITH_TABLE,LICENSE_REVIEW_REQUIRED,METADATA_ONLY,ADDRESS_ONLY_LEGACY_DISCOVERY
藤沢バリアフリー施設.txt,1112,明治いきいきサポートセンター,藤沢市辻堂神台2-2-1 アイクロス湘南2階,0466-35-2811,true,UNKNOWN,UNKNOWN_NOT_EMBEDDED_WITH_TABLE,LICENSE_REVIEW_REQUIRED,METADATA_ONLY,ADDRESS_ONLY_LEGACY_DISCOVERY
藤沢バリアフリー施設.txt,1113,御所見いきいきサポートセンター,藤沢市打戻1760-1　御所見市民センター内,0466-49-2020,true,UNKNOWN,UNKNOWN_NOT_EMBEDDED_WITH_TABLE,LICENSE_REVIEW_REQUIRED,METADATA_ONLY,ADDRESS_ONLY_LEGACY_DISCOVERY
藤沢バリアフリー施設.txt,1114,遠藤いきいきサポートセンター,藤沢市遠藤2984-3　遠藤市民センター内,0466-54-8312,true,UNKNOWN,UNKNOWN_NOT_EMBEDDED_WITH_TABLE,LICENSE_REVIEW_REQUIRED,METADATA_ONLY,ADDRESS_ONLY_LEGACY_DISCOVERY
藤沢バリアフリー施設.txt,1115,長後いきいきサポートセンター,藤沢市長後513　長後市民センター内,0466-45-1121,false,UNKNOWN,UNKNOWN_NOT_EMBEDDED_WITH_TABLE,LICENSE_REVIEW_REQUIRED,METADATA_ONLY,ADDRESS_ONLY_LEGACY_DISCOVERY
藤沢バリアフリー施設.txt,1116,辻堂西いきいきサポートセンター,藤沢市辻堂西海岸2-1-17　 辻堂市民センター内,0466-54-9511,false,UNKNOWN,UNKNOWN_NOT_EMBEDDED_WITH_TABLE,LICENSE_REVIEW_REQUIRED,METADATA_ONLY,ADDRESS_ONLY_LEGACY_DISCOVERY
藤沢バリアフリー施設.txt,1117,辻堂東いきいきサポートセンター,藤沢市辻堂元町5-5-8,0466-36-3333,false,UNKNOWN,UNKNOWN_NOT_EMBEDDED_WITH_TABLE,LICENSE_REVIEW_REQUIRED,METADATA_ONLY,ADDRESS_ONLY_LEGACY_DISCOVERY
藤沢バリアフリー施設.txt,1118,善行いきいきサポートセンター,藤沢市善行1-2-3　善行市民センター内,0466-90-0065,false,UNKNOWN,UNKNOWN_NOT_EMBEDDED_WITH_TABLE,LICENSE_REVIEW_REQUIRED,METADATA_ONLY,ADDRESS_ONLY_LEGACY_DISCOVERY
藤沢バリアフリー施設.txt,1119,湘南大庭いきいきサポートセンター,藤沢市大庭5527-1　保健医療センター内,0466-87-3588,false,UNKNOWN,UNKNOWN_NOT_EMBEDDED_WITH_TABLE,LICENSE_REVIEW_REQUIRED,METADATA_ONLY,ADDRESS_ONLY_LEGACY_DISCOVERY
藤沢バリアフリー施設.txt,1120,湘南台いきいきサポートセンター,藤沢市湘南台1-8　湘南台文化センター2階,0466-45-2300,true,UNKNOWN,UNKNOWN_NOT_EMBEDDED_WITH_TABLE,LICENSE_REVIEW_REQUIRED,METADATA_ONLY,ADDRESS_ONLY_LEGACY_DISCOVERY
藤沢バリアフリー施設.txt,1121,鵠沼南いきいきサポートセンター,藤沢市鵠沼海岸2-10-34　鵠沼市民センター内,0466-33-1166,true,UNKNOWN,UNKNOWN_NOT_EMBEDDED_WITH_TABLE,LICENSE_REVIEW_REQUIRED,METADATA_ONLY,ADDRESS_ONLY_LEGACY_DISCOVERY
藤沢バリアフリー施設.txt,1122,鵠沼東いきいきサポートセンター,藤沢市鵠沼桜が岡4-14-13　タックハウス鵠沼1階,0466-55-1511,false,UNKNOWN,UNKNOWN_NOT_EMBEDDED_WITH_TABLE,LICENSE_REVIEW_REQUIRED,METADATA_ONLY,ADDRESS_ONLY_LEGACY_DISCOVERY
藤沢バリアフリー施設.txt,1123,藤沢西部いきいきサポートセンター,藤沢市本町1-12-17　Fプレイス内1階,0466-22-7633,false,UNKNOWN,UNKNOWN_NOT_EMBEDDED_WITH_TABLE,LICENSE_REVIEW_REQUIRED,METADATA_ONLY,ADDRESS_ONLY_LEGACY_DISCOVERY
藤沢バリアフリー施設.txt,1124,藤沢東部いきいきサポートセンター,藤沢市大鋸3-1-30,0466-55-5570,false,UNKNOWN,UNKNOWN_NOT_EMBEDDED_WITH_TABLE,LICENSE_REVIEW_REQUIRED,METADATA_ONLY,ADDRESS_ONLY_LEGACY_DISCOVERY
藤沢バリアフリー施設.txt,1125,村岡いきいきサポートセンター,藤沢市村岡東1-5-17　村岡市民センター内,0466-24-4100,false,UNKNOWN,UNKNOWN_NOT_EMBEDDED_WITH_TABLE,LICENSE_REVIEW_REQUIRED,METADATA_ONLY,ADDRESS_ONLY_LEGACY_DISCOVERY
藤沢バリアフリー施設.txt,1126,小糸いきいきサポートセンター（湘南大庭いきいきサポートセンター分室）,藤沢市大庭5254-6　湘南スカイビラ１C,0466-90-4507,false,UNKNOWN,UNKNOWN_NOT_EMBEDDED_WITH_TABLE,LICENSE_REVIEW_REQUIRED,METADATA_ONLY,ADDRESS_ONLY_LEGACY_DISCOVERY
藤沢バリアフリー施設.txt,1127,石川いきいきサポートセンター（六会いきいきサポートセンター分室）,藤沢市石川3-30-12,0466-52-7417,true,UNKNOWN,UNKNOWN_NOT_EMBEDDED_WITH_TABLE,LICENSE_REVIEW_REQUIRED,METADATA_ONLY,ADDRESS_ONLY_LEGACY_DISCOVERY
藤沢バリアフリー施設.txt,1128,善行団地いきいきサポートセンター（善行いきいきサポートセンター分室）,藤沢市善行団地3-15-2,0466-47-7345,false,UNKNOWN,UNKNOWN_NOT_EMBEDDED_WITH_TABLE,LICENSE_REVIEW_REQUIRED,METADATA_ONLY,ADDRESS_ONLY_LEGACY_DISCOVERY
藤沢バリアフリー施設.txt,1129,北部障がい者地域相談支援センター（かわうそ）,藤沢市円行2-3-17　藤沢市まちづくり協会ビル2階,0466-54-9020,false,UNKNOWN,UNKNOWN_NOT_EMBEDDED_WITH_TABLE,LICENSE_REVIEW_REQUIRED,METADATA_ONLY,ADDRESS_ONLY_LEGACY_DISCOVERY
藤沢バリアフリー施設.txt,1130,地域福祉支援センター・マロニエ,藤沢市石川636-25,0466-87-2800,true,UNKNOWN,UNKNOWN_NOT_EMBEDDED_WITH_TABLE,LICENSE_REVIEW_REQUIRED,METADATA_ONLY,ADDRESS_ONLY_LEGACY_DISCOVERY
藤沢バリアフリー施設.txt,1131,中部障がい者地域相談支援センター（ふらっと）,藤沢市善行1-2-3　善行市民センター1階,0466-80-5250,true,UNKNOWN,UNKNOWN_NOT_EMBEDDED_WITH_TABLE,LICENSE_REVIEW_REQUIRED,METADATA_ONLY,ADDRESS_ONLY_LEGACY_DISCOVERY
藤沢バリアフリー施設.txt,1132,東南部障がい者地域相談支援センター（おあしす）,藤沢市本町1-12-17　Fプレイス内1階,0466-55-1399,false,UNKNOWN,UNKNOWN_NOT_EMBEDDED_WITH_TABLE,LICENSE_REVIEW_REQUIRED,METADATA_ONLY,ADDRESS_ONLY_LEGACY_DISCOVERY
藤沢バリアフリー施設.txt,1133,西南部障がい者地域相談支援センター（つむぎ）,藤沢市辻堂西海岸2-1-17　辻堂市民センター1階,0466-52-4456,false,UNKNOWN,UNKNOWN_NOT_EMBEDDED_WITH_TABLE,LICENSE_REVIEW_REQUIRED,METADATA_ONLY,ADDRESS_ONLY_LEGACY_DISCOVERY
藤沢バリアフリー施設.txt,1134,藤沢市高次脳機能障がい者相談支援事業所チャレンジII,藤沢市円行2-3-17　藤沢市まちづくり協会ビル2階,0466-90-5672,false,UNKNOWN,UNKNOWN_NOT_EMBEDDED_WITH_TABLE,LICENSE_REVIEW_REQUIRED,METADATA_ONLY,ADDRESS_ONLY_LEGACY_DISCOVERY
藤沢バリアフリー施設.txt,1135,藤沢市発達障がい者相談支援事業所リート,藤沢市辻堂神台2-2-1 アイクロス湘南2階,0466-86-7853,false,UNKNOWN,UNKNOWN_NOT_EMBEDDED_WITH_TABLE,LICENSE_REVIEW_REQUIRED,METADATA_ONLY,ADDRESS_ONLY_LEGACY_DISCOVERY
藤沢バリアフリー施設.txt,1136,ふじさわ基幹相談支援センターえぽめいく,藤沢市辻堂神台2-2-1　アイクロス湘南2階,0466-47-7462,false,UNKNOWN,UNKNOWN_NOT_EMBEDDED_WITH_TABLE,LICENSE_REVIEW_REQUIRED,METADATA_ONLY,ADDRESS_ONLY_LEGACY_DISCOVERY
藤沢バリアフリー施設.txt,1137,藤沢市発達相談支援センターにじのわ,藤沢市円行2-3-17　藤沢市まちづくり協会ビル2階,0466-90-4422,false,UNKNOWN,UNKNOWN_NOT_EMBEDDED_WITH_TABLE,LICENSE_REVIEW_REQUIRED,METADATA_ONLY,ADDRESS_ONLY_LEGACY_DISCOVERY
藤沢バリアフリー施設.txt,1138,藤沢子育て支援センター,藤沢市鵠沼石上1-11-5　藤沢保育園内,0466-22-7037,false,UNKNOWN,UNKNOWN_NOT_EMBEDDED_WITH_TABLE,LICENSE_REVIEW_REQUIRED,METADATA_ONLY,ADDRESS_ONLY_LEGACY_DISCOVERY
藤沢バリアフリー施設.txt,1139,辻堂子育て支援センター,藤沢市辻堂神台1-3-39　タカギビル2階,0466-33-2311,false,UNKNOWN,UNKNOWN_NOT_EMBEDDED_WITH_TABLE,LICENSE_REVIEW_REQUIRED,METADATA_ONLY,ADDRESS_ONLY_LEGACY_DISCOVERY
藤沢バリアフリー施設.txt,1140,湘南台子育て支援センター,藤沢市湘南台1-8 湘南台文化センター内B1階,0466-42-5533,false,UNKNOWN,UNKNOWN_NOT_EMBEDDED_WITH_TABLE,LICENSE_REVIEW_REQUIRED,METADATA_ONLY,ADDRESS_ONLY_LEGACY_DISCOVERY
藤沢バリアフリー施設.txt,1141,六会子育て支援センター,藤沢市亀井野4-8-1　六会市民センター内,0466-81-7722,false,UNKNOWN,UNKNOWN_NOT_EMBEDDED_WITH_TABLE,LICENSE_REVIEW_REQUIRED,METADATA_ONLY,ADDRESS_ONLY_LEGACY_DISCOVERY
藤沢バリアフリー施設.txt,1142,藤沢青少年会館,藤沢市朝日町10-8,0466-25-5215,false,UNKNOWN,UNKNOWN_NOT_EMBEDDED_WITH_TABLE,LICENSE_REVIEW_REQUIRED,METADATA_ONLY,ADDRESS_ONLY_LEGACY_DISCOVERY
藤沢バリアフリー施設.txt,1143,辻堂青少年会館,藤沢市辻堂2-8-31,0466-36-3002,false,UNKNOWN,UNKNOWN_NOT_EMBEDDED_WITH_TABLE,LICENSE_REVIEW_REQUIRED,METADATA_ONLY,ADDRESS_ONLY_LEGACY_DISCOVERY
藤沢バリアフリー施設.txt,1144,少年の森,藤沢市打戻2345,0466-48-7234,true,UNKNOWN,UNKNOWN_NOT_EMBEDDED_WITH_TABLE,LICENSE_REVIEW_REQUIRED,METADATA_ONLY,ADDRESS_ONLY_LEGACY_DISCOVERY
藤沢バリアフリー施設.txt,1145,藤沢聖苑,藤沢市大鋸1251,0466-22-2404,false,UNKNOWN,UNKNOWN_NOT_EMBEDDED_WITH_TABLE,LICENSE_REVIEW_REQUIRED,METADATA_ONLY,ADDRESS_ONLY_LEGACY_DISCOVERY
藤沢バリアフリー施設.txt,1146,藤沢市斎場,藤沢市大庭3761,0466-87-5589（時間外・休館日は0466-25-1114）,true,UNKNOWN,UNKNOWN_NOT_EMBEDDED_WITH_TABLE,LICENSE_REVIEW_REQUIRED,METADATA_ONLY,ADDRESS_ONLY_LEGACY_DISCOVERY
藤沢バリアフリー施設.txt,1147,大庭台墓園,藤沢市大庭3782,0466-87-3557,true,UNKNOWN,UNKNOWN_NOT_EMBEDDED_WITH_TABLE,LICENSE_REVIEW_REQUIRED,METADATA_ONLY,ADDRESS_ONLY_LEGACY_DISCOVERY
藤沢バリアフリー施設.txt,1148,市民活動推進センター,藤沢市藤沢1031 アーバンセンター藤沢2階,0466-54-4510,false,UNKNOWN,UNKNOWN_NOT_EMBEDDED_WITH_TABLE,LICENSE_REVIEW_REQUIRED,METADATA_ONLY,ADDRESS_ONLY_LEGACY_DISCOVERY
藤沢バリアフリー施設.txt,1149,市民活動プラザむつあい,藤沢市亀井野4-8-1　六会市民センター内,0466-81-0222,false,UNKNOWN,UNKNOWN_NOT_EMBEDDED_WITH_TABLE,LICENSE_REVIEW_REQUIRED,METADATA_ONLY,ADDRESS_ONLY_LEGACY_DISCOVERY
藤沢バリアフリー施設.txt,1150,総合市民図書館,藤沢市湘南台7-18-2,0466-43-1111,true,UNKNOWN,UNKNOWN_NOT_EMBEDDED_WITH_TABLE,LICENSE_REVIEW_REQUIRED,METADATA_ONLY,ADDRESS_ONLY_LEGACY_DISCOVERY
藤沢バリアフリー施設.txt,1151,南市民図書館,藤沢市南藤沢21-1　ODAKYU湘南GATE　6階,0466-27-1044,true,UNKNOWN,UNKNOWN_NOT_EMBEDDED_WITH_TABLE,LICENSE_REVIEW_REQUIRED,METADATA_ONLY,ADDRESS_ONLY_LEGACY_DISCOVERY
藤沢バリアフリー施設.txt,1152,辻堂市民図書館,藤沢市辻堂2-15-8,0466-35-0028,false,UNKNOWN,UNKNOWN_NOT_EMBEDDED_WITH_TABLE,LICENSE_REVIEW_REQUIRED,METADATA_ONLY,ADDRESS_ONLY_LEGACY_DISCOVERY
藤沢バリアフリー施設.txt,1153,湘南大庭市民図書館,藤沢市大庭5406-4,0466-86-1666,false,UNKNOWN,UNKNOWN_NOT_EMBEDDED_WITH_TABLE,LICENSE_REVIEW_REQUIRED,METADATA_ONLY,ADDRESS_ONLY_LEGACY_DISCOVERY
藤沢バリアフリー施設.txt,1154,文書館（もんじょかん）,藤沢市朝日町12-6,0466-24-0171,false,UNKNOWN,UNKNOWN_NOT_EMBEDDED_WITH_TABLE,LICENSE_REVIEW_REQUIRED,METADATA_ONLY,ADDRESS_ONLY_LEGACY_DISCOVERY
藤沢バリアフリー施設.txt,1155,市民会館（再整備のため休館）,藤沢市鵠沼東8-1,0466-23-2415,true,UNKNOWN,UNKNOWN_NOT_EMBEDDED_WITH_TABLE,LICENSE_REVIEW_REQUIRED,METADATA_ONLY,ADDRESS_ONLY_LEGACY_DISCOVERY
藤沢バリアフリー施設.txt,1156,湘南台文化センター（こども館、市民シアター）,藤沢市湘南台1-8,[こども館] 0466-45-1500,true,UNKNOWN,UNKNOWN_NOT_EMBEDDED_WITH_TABLE,LICENSE_REVIEW_REQUIRED,METADATA_ONLY,ADDRESS_ONLY_LEGACY_DISCOVERY
藤沢バリアフリー施設.txt,1158,藤沢市民ギャラリー,藤沢市南藤沢21-1　ODAKYU湘南GATE　6階,0466-26-5133,true,UNKNOWN,UNKNOWN_NOT_EMBEDDED_WITH_TABLE,LICENSE_REVIEW_REQUIRED,METADATA_ONLY,ADDRESS_ONLY_LEGACY_DISCOVERY
藤沢バリアフリー施設.txt,1159,藤沢市アートスペース,藤沢市辻堂神台2-2-2　ココテラス湘南6階,0466-30-1816,true,UNKNOWN,UNKNOWN_NOT_EMBEDDED_WITH_TABLE,LICENSE_REVIEW_REQUIRED,METADATA_ONLY,ADDRESS_ONLY_LEGACY_DISCOVERY
藤沢バリアフリー施設.txt,1160,藤沢市藤澤浮世絵館,藤沢市辻堂神台2-2-2　ココテラス湘南7階,0466-33-0111,false,UNKNOWN,UNKNOWN_NOT_EMBEDDED_WITH_TABLE,LICENSE_REVIEW_REQUIRED,METADATA_ONLY,ADDRESS_ONLY_LEGACY_DISCOVERY
藤沢バリアフリー施設.txt,1161,秩父宮記念体育館,藤沢市鵠沼東8-2,0466-22-5335,true,UNKNOWN,UNKNOWN_NOT_EMBEDDED_WITH_TABLE,LICENSE_REVIEW_REQUIRED,METADATA_ONLY,ADDRESS_ONLY_LEGACY_DISCOVERY
藤沢バリアフリー施設.txt,1162,秋葉台文化体育館,藤沢市遠藤2000-1,0466-88-1111,true,UNKNOWN,UNKNOWN_NOT_EMBEDDED_WITH_TABLE,LICENSE_REVIEW_REQUIRED,METADATA_ONLY,ADDRESS_ONLY_LEGACY_DISCOVERY
藤沢バリアフリー施設.txt,1163,石名坂温水プール,藤沢市本藤沢1-10-1,0466-82-5131,true,UNKNOWN,UNKNOWN_NOT_EMBEDDED_WITH_TABLE,LICENSE_REVIEW_REQUIRED,METADATA_ONLY,ADDRESS_ONLY_LEGACY_DISCOVERY
藤沢バリアフリー施設.txt,1164,湘南パスポートセンター（藤沢市・茅ヶ崎市・寒川町）,藤沢市辻堂神台2-2-1 アイクロス湘南3階,0466-31-2300,false,UNKNOWN,UNKNOWN_NOT_EMBEDDED_WITH_TABLE,LICENSE_REVIEW_REQUIRED,METADATA_ONLY,ADDRESS_ONLY_LEGACY_DISCOVERY
藤沢バリアフリー施設.txt,1165,環境事業センター,藤沢市遠藤2023-17,0466-87-3912,false,UNKNOWN,UNKNOWN_NOT_EMBEDDED_WITH_TABLE,LICENSE_REVIEW_REQUIRED,METADATA_ONLY,ADDRESS_ONLY_LEGACY_DISCOVERY
藤沢バリアフリー施設.txt,1166,リサイクルプラザ藤沢（環境啓発施設）,藤沢市桐原町23-1,0466-44-1998,true,UNKNOWN,UNKNOWN_NOT_EMBEDDED_WITH_TABLE,LICENSE_REVIEW_REQUIRED,METADATA_ONLY,ADDRESS_ONLY_LEGACY_DISCOVERY
藤沢バリアフリー施設.txt,1167,県藤沢合同庁舎,藤沢市鵠沼石上2-7-1,0466-26-2111,true,UNKNOWN,UNKNOWN_NOT_EMBEDDED_WITH_TABLE,LICENSE_REVIEW_REQUIRED,METADATA_ONLY,ADDRESS_ONLY_LEGACY_DISCOVERY
藤沢バリアフリー施設.txt,1168,県中央児童相談所,藤沢市亀井野3119,0466-84-1600（代表）,false,UNKNOWN,UNKNOWN_NOT_EMBEDDED_WITH_TABLE,LICENSE_REVIEW_REQUIRED,METADATA_ONLY,ADDRESS_ONLY_LEGACY_DISCOVERY
藤沢バリアフリー施設.txt,1169,県立総合療育相談センター,藤沢市亀井野3119,0466-84-5700（代表）,false,UNKNOWN,UNKNOWN_NOT_EMBEDDED_WITH_TABLE,LICENSE_REVIEW_REQUIRED,METADATA_ONLY,ADDRESS_ONLY_LEGACY_DISCOVERY
藤沢バリアフリー施設.txt,1170,県聴覚障害者福祉センター,藤沢市藤沢933-2,0466-27-1911,false,UNKNOWN,UNKNOWN_NOT_EMBEDDED_WITH_TABLE,LICENSE_REVIEW_REQUIRED,METADATA_ONLY,ADDRESS_ONLY_LEGACY_DISCOVERY
藤沢バリアフリー施設.txt,1171,県立総合教育センター（教育相談センター）,藤沢市亀井野2547-4,0466-81-8521,false,UNKNOWN,UNKNOWN_NOT_EMBEDDED_WITH_TABLE,LICENSE_REVIEW_REQUIRED,METADATA_ONLY,ADDRESS_ONLY_LEGACY_DISCOVERY
藤沢バリアフリー施設.txt,1172,県立総合教育センター（カリキュラムセンター）,藤沢市善行7-1-1,0466-81-0188,false,UNKNOWN,UNKNOWN_NOT_EMBEDDED_WITH_TABLE,LICENSE_REVIEW_REQUIRED,METADATA_ONLY,ADDRESS_ONLY_LEGACY_DISCOVERY
藤沢バリアフリー施設.txt,1173,県立体育センター,藤沢市善行7-1-2,0466-81-2570,false,UNKNOWN,UNKNOWN_NOT_EMBEDDED_WITH_TABLE,LICENSE_REVIEW_REQUIRED,METADATA_ONLY,ADDRESS_ONLY_LEGACY_DISCOVERY
藤沢バリアフリー施設.txt,1174,藤沢警察署,藤沢市本鵠沼4-1-8,0466-24-0110,false,UNKNOWN,UNKNOWN_NOT_EMBEDDED_WITH_TABLE,LICENSE_REVIEW_REQUIRED,METADATA_ONLY,ADDRESS_ONLY_LEGACY_DISCOVERY
藤沢バリアフリー施設.txt,1175,藤沢北警察署,藤沢市円行2-5-1,0466-45-0110,false,UNKNOWN,UNKNOWN_NOT_EMBEDDED_WITH_TABLE,LICENSE_REVIEW_REQUIRED,METADATA_ONLY,ADDRESS_ONLY_LEGACY_DISCOVERY
藤沢バリアフリー施設.txt,1176,藤沢簡易裁判所,藤沢市朝日町1-8,0466-22-2684,true,UNKNOWN,UNKNOWN_NOT_EMBEDDED_WITH_TABLE,LICENSE_REVIEW_REQUIRED,METADATA_ONLY,ADDRESS_ONLY_LEGACY_DISCOVERY
藤沢バリアフリー施設.txt,1177,藤沢区検察庁,藤沢市朝日町1-7,0466-22-2685,false,UNKNOWN,UNKNOWN_NOT_EMBEDDED_WITH_TABLE,LICENSE_REVIEW_REQUIRED,METADATA_ONLY,ADDRESS_ONLY_LEGACY_DISCOVERY
藤沢バリアフリー施設.txt,1178,横浜地方法務局　湘南支局,藤沢市辻堂神台2-2-3,0466-35-4620,true,UNKNOWN,UNKNOWN_NOT_EMBEDDED_WITH_TABLE,LICENSE_REVIEW_REQUIRED,METADATA_ONLY,ADDRESS_ONLY_LEGACY_DISCOVERY
藤沢バリアフリー施設.txt,1179,藤沢税務署,藤沢市朝日町1-11,0466-22-2141,false,UNKNOWN,UNKNOWN_NOT_EMBEDDED_WITH_TABLE,LICENSE_REVIEW_REQUIRED,METADATA_ONLY,ADDRESS_ONLY_LEGACY_DISCOVERY
藤沢バリアフリー施設.txt,1180,ハローワーク藤沢,藤沢市朝日町5-12,0466-23-8609,false,UNKNOWN,UNKNOWN_NOT_EMBEDDED_WITH_TABLE,LICENSE_REVIEW_REQUIRED,METADATA_ONLY,ADDRESS_ONLY_LEGACY_DISCOVERY
藤沢バリアフリー施設.txt,1181,藤沢年金事務所,藤沢市藤沢1018,0466-50-1151,false,UNKNOWN,UNKNOWN_NOT_EMBEDDED_WITH_TABLE,LICENSE_REVIEW_REQUIRED,METADATA_ONLY,ADDRESS_ONLY_LEGACY_DISCOVERY
藤沢バリアフリー施設.txt,1182,日本赤十字社　クロスウェーブ湘南藤沢献血ルーム,藤沢市南藤沢21-8　大安興業ビル2階,0466-25-8877,false,UNKNOWN,UNKNOWN_NOT_EMBEDDED_WITH_TABLE,LICENSE_REVIEW_REQUIRED,METADATA_ONLY,ADDRESS_ONLY_LEGACY_DISCOVERY
藤沢バリアフリー施設.txt,1183,東京ガスライフバル湘南 藤沢店,藤沢市片瀬92,0466-47-7130,false,UNKNOWN,UNKNOWN_NOT_EMBEDDED_WITH_TABLE,LICENSE_REVIEW_REQUIRED,METADATA_ONLY,ADDRESS_ONLY_LEGACY_DISCOVERY
藤沢バリアフリー施設.txt,1184,藤沢商工会館（ミナパーク）,藤沢607-1,0466-29-3789,true,UNKNOWN,UNKNOWN_NOT_EMBEDDED_WITH_TABLE,LICENSE_REVIEW_REQUIRED,METADATA_ONLY,ADDRESS_ONLY_LEGACY_DISCOVERY
藤沢バリアフリー施設.txt,1185,江の島セーリングセンター,藤沢市江の島1-12-2,,true,UNKNOWN,UNKNOWN_NOT_EMBEDDED_WITH_TABLE,LICENSE_REVIEW_REQUIRED,METADATA_ONLY,ADDRESS_ONLY_LEGACY_DISCOVERY
藤沢バリアフリー施設.txt,1187,県立辻堂海浜公園,藤沢市辻堂西海岸3-2,0466-34-0011,false,UNKNOWN,UNKNOWN_NOT_EMBEDDED_WITH_TABLE,LICENSE_REVIEW_REQUIRED,METADATA_ONLY,ADDRESS_ONLY_LEGACY_DISCOVERY
藤沢バリアフリー施設.txt,1188,秋葉台公園・プール,藤沢市遠藤2000-1,[公園] 0466-88-1111,true,UNKNOWN,UNKNOWN_NOT_EMBEDDED_WITH_TABLE,LICENSE_REVIEW_REQUIRED,METADATA_ONLY,ADDRESS_ONLY_LEGACY_DISCOVERY
藤沢バリアフリー施設.txt,1190,伊勢山公園,藤沢市藤沢4-6297-1,0466-46-7788（藤沢市まちづくり協会）,false,UNKNOWN,UNKNOWN_NOT_EMBEDDED_WITH_TABLE,LICENSE_REVIEW_REQUIRED,METADATA_ONLY,ADDRESS_ONLY_LEGACY_DISCOVERY
藤沢バリアフリー施設.txt,1191,円行公園,藤沢市湘南台3-6,0466-46-7788（藤沢市まちづくり協会）,true,UNKNOWN,UNKNOWN_NOT_EMBEDDED_WITH_TABLE,LICENSE_REVIEW_REQUIRED,METADATA_ONLY,ADDRESS_ONLY_LEGACY_DISCOVERY
藤沢バリアフリー施設.txt,1192,遠藤公園,藤沢市遠藤639-2,0466-46-7788（藤沢市まちづくり協会）,true,UNKNOWN,UNKNOWN_NOT_EMBEDDED_WITH_TABLE,LICENSE_REVIEW_REQUIRED,METADATA_ONLY,ADDRESS_ONLY_LEGACY_DISCOVERY
藤沢バリアフリー施設.txt,1193,遠藤笹窪谷(やと)公園,藤沢市遠藤4840,0466-47-7760,true,UNKNOWN,UNKNOWN_NOT_EMBEDDED_WITH_TABLE,LICENSE_REVIEW_REQUIRED,METADATA_ONLY,ADDRESS_ONLY_LEGACY_DISCOVERY
藤沢バリアフリー施設.txt,1194,大庭城址公園,藤沢市大庭5230-1,0466-46-7788（藤沢市まちづくり協会）,true,UNKNOWN,UNKNOWN_NOT_EMBEDDED_WITH_TABLE,LICENSE_REVIEW_REQUIRED,METADATA_ONLY,ADDRESS_ONLY_LEGACY_DISCOVERY
藤沢バリアフリー施設.txt,1195,奥田公園,藤沢市鵠沼東12,0466-50-3535（公園課）,true,UNKNOWN,UNKNOWN_NOT_EMBEDDED_WITH_TABLE,LICENSE_REVIEW_REQUIRED,METADATA_ONLY,ADDRESS_ONLY_LEGACY_DISCOVERY
藤沢バリアフリー施設.txt,1196,片瀬山公園,藤沢市片瀬3-2800-1,0466-46-7788（藤沢市まちづくり協会）,false,UNKNOWN,UNKNOWN_NOT_EMBEDDED_WITH_TABLE,LICENSE_REVIEW_REQUIRED,METADATA_ONLY,ADDRESS_ONLY_LEGACY_DISCOVERY
藤沢バリアフリー施設.txt,1197,柄沢公園,藤沢市藤が岡3-20,0466-46-7788（藤沢市まちづくり協会）,true,UNKNOWN,UNKNOWN_NOT_EMBEDDED_WITH_TABLE,LICENSE_REVIEW_REQUIRED,METADATA_ONLY,ADDRESS_ONLY_LEGACY_DISCOVERY
藤沢バリアフリー施設.txt,1198,烏森公園,藤沢市鵠沼神明2-907,0466-46-7788（藤沢市まちづくり協会）,true,UNKNOWN,UNKNOWN_NOT_EMBEDDED_WITH_TABLE,LICENSE_REVIEW_REQUIRED,METADATA_ONLY,ADDRESS_ONLY_LEGACY_DISCOVERY
藤沢バリアフリー施設.txt,1199,神台公園,藤沢市辻堂神台1-4,0466-46-7788（藤沢市まちづくり協会）,true,UNKNOWN,UNKNOWN_NOT_EMBEDDED_WITH_TABLE,LICENSE_REVIEW_REQUIRED,METADATA_ONLY,ADDRESS_ONLY_LEGACY_DISCOVERY
藤沢バリアフリー施設.txt,1200,桐原公園,藤沢市桐原町5,0466-46-7788（藤沢市まちづくり協会）,true,UNKNOWN,UNKNOWN_NOT_EMBEDDED_WITH_TABLE,LICENSE_REVIEW_REQUIRED,METADATA_ONLY,ADDRESS_ONLY_LEGACY_DISCOVERY
藤沢バリアフリー施設.txt,1201,鵠沼運動公園（八部公園）,藤沢市鵠沼海岸6-12-1,0466-36-1607（藤沢市みらい創造財団）,true,UNKNOWN,UNKNOWN_NOT_EMBEDDED_WITH_TABLE,LICENSE_REVIEW_REQUIRED,METADATA_ONLY,ADDRESS_ONLY_LEGACY_DISCOVERY
藤沢バリアフリー施設.txt,1202,鵠沼海浜公園（HUG-RIDE PARK）,藤沢市鵠沼海岸4-4-1,0466-50-3535（公園課）,false,UNKNOWN,UNKNOWN_NOT_EMBEDDED_WITH_TABLE,LICENSE_REVIEW_REQUIRED,METADATA_ONLY,ADDRESS_ONLY_LEGACY_DISCOVERY
藤沢バリアフリー施設.txt,1203,小糸台公園,藤沢市大庭字七塚5055-18,0466-46-7788（藤沢市まちづくり協会）,true,UNKNOWN,UNKNOWN_NOT_EMBEDDED_WITH_TABLE,LICENSE_REVIEW_REQUIRED,METADATA_ONLY,ADDRESS_ONLY_LEGACY_DISCOVERY
藤沢バリアフリー施設.txt,1204,御殿辺公園,藤沢市藤沢2-2089-1,0466-46-7788（藤沢市まちづくり協会）,false,UNKNOWN,UNKNOWN_NOT_EMBEDDED_WITH_TABLE,LICENSE_REVIEW_REQUIRED,METADATA_ONLY,ADDRESS_ONLY_LEGACY_DISCOVERY
藤沢バリアフリー施設.txt,1205,下土棚遊水地公園,藤沢市下土棚字大下1274番2,0466-46-7788(藤沢市まちづくり協会),false,UNKNOWN,UNKNOWN_NOT_EMBEDDED_WITH_TABLE,LICENSE_REVIEW_REQUIRED,METADATA_ONLY,ADDRESS_ONLY_LEGACY_DISCOVERY
藤沢バリアフリー施設.txt,1206,湘南台公園,藤沢市湘南台7-16,0466-46-7788（藤沢市まちづくり協会）,true,UNKNOWN,UNKNOWN_NOT_EMBEDDED_WITH_TABLE,LICENSE_REVIEW_REQUIRED,METADATA_ONLY,ADDRESS_ONLY_LEGACY_DISCOVERY
藤沢バリアフリー施設.txt,1207,新林公園,藤沢市川名411-1,0466-46-7788（藤沢市まちづくり協会）,true,UNKNOWN,UNKNOWN_NOT_EMBEDDED_WITH_TABLE,LICENSE_REVIEW_REQUIRED,METADATA_ONLY,ADDRESS_ONLY_LEGACY_DISCOVERY
藤沢バリアフリー施設.txt,1208,辻堂南部公園,藤沢市辻堂西海岸3-3-1　辻堂浄化センター上部,0466-46-7788（藤沢市まちづくり協会）,false,UNKNOWN,UNKNOWN_NOT_EMBEDDED_WITH_TABLE,LICENSE_REVIEW_REQUIRED,METADATA_ONLY,ADDRESS_ONLY_LEGACY_DISCOVERY
藤沢バリアフリー施設.txt,1209,天神公園,藤沢市天神町2-14,0466-46-7788（藤沢市まちづくり協会）,true,UNKNOWN,UNKNOWN_NOT_EMBEDDED_WITH_TABLE,LICENSE_REVIEW_REQUIRED,METADATA_ONLY,ADDRESS_ONLY_LEGACY_DISCOVERY
藤沢バリアフリー施設.txt,1210,外原公園,藤沢市大鋸字外原1113-1,0466-50-3535（公園課）,false,UNKNOWN,UNKNOWN_NOT_EMBEDDED_WITH_TABLE,LICENSE_REVIEW_REQUIRED,METADATA_ONLY,ADDRESS_ONLY_LEGACY_DISCOVERY
藤沢バリアフリー施設.txt,1211,長久保公園都市緑化植物園,藤沢市辻堂太平台2-13-35,0466-34-8422,true,UNKNOWN,UNKNOWN_NOT_EMBEDDED_WITH_TABLE,LICENSE_REVIEW_REQUIRED,METADATA_ONLY,ADDRESS_ONLY_LEGACY_DISCOVERY
藤沢バリアフリー施設.txt,1212,なかむら公園,藤沢市石川1-29-36,0466-46-7788（藤沢市まちづくり協会）,true,UNKNOWN,UNKNOWN_NOT_EMBEDDED_WITH_TABLE,LICENSE_REVIEW_REQUIRED,METADATA_ONLY,ADDRESS_ONLY_LEGACY_DISCOVERY
藤沢バリアフリー施設.txt,1213,西浜公園,藤沢市片瀬海岸3-1-30,0466-46-7788（藤沢市まちづくり協会）,false,UNKNOWN,UNKNOWN_NOT_EMBEDDED_WITH_TABLE,LICENSE_REVIEW_REQUIRED,METADATA_ONLY,ADDRESS_ONLY_LEGACY_DISCOVERY
藤沢バリアフリー施設.txt,1214,二番構公園,藤沢市大庭字二番構5528,0466-46-7788（藤沢市まちづくり協会）,true,UNKNOWN,UNKNOWN_NOT_EMBEDDED_WITH_TABLE,LICENSE_REVIEW_REQUIRED,METADATA_ONLY,ADDRESS_ONLY_LEGACY_DISCOVERY
藤沢バリアフリー施設.txt,1215,引地川親水公園,藤沢市大庭6510,0466-46-7788（藤沢市まちづくり協会）,true,UNKNOWN,UNKNOWN_NOT_EMBEDDED_WITH_TABLE,LICENSE_REVIEW_REQUIRED,METADATA_ONLY,ADDRESS_ONLY_LEGACY_DISCOVERY
藤沢バリアフリー施設.txt,1216,舟地蔵公園,藤沢市大庭字小糸5143,0466-46-7788（藤沢市まちづくり協会）,true,UNKNOWN,UNKNOWN_NOT_EMBEDDED_WITH_TABLE,LICENSE_REVIEW_REQUIRED,METADATA_ONLY,ADDRESS_ONLY_LEGACY_DISCOVERY
藤沢バリアフリー施設.txt,1217,翠ヶ丘公園,藤沢市西富字西原593-2,0466-46-7788（藤沢市まちづくり協会）,false,UNKNOWN,UNKNOWN_NOT_EMBEDDED_WITH_TABLE,LICENSE_REVIEW_REQUIRED,METADATA_ONLY,ADDRESS_ONLY_LEGACY_DISCOVERY
藤沢バリアフリー施設.txt,1218,宮ノ下公園,藤沢市柄沢1-20-1,0466-46-7788（藤沢市まちづくり協会）,true,UNKNOWN,UNKNOWN_NOT_EMBEDDED_WITH_TABLE,LICENSE_REVIEW_REQUIRED,METADATA_ONLY,ADDRESS_ONLY_LEGACY_DISCOVERY
藤沢バリアフリー施設.txt,1219,藤沢市民病院,藤沢市藤沢2-6-1,0466-25-3111,true,UNKNOWN,UNKNOWN_NOT_EMBEDDED_WITH_TABLE,LICENSE_REVIEW_REQUIRED,METADATA_ONLY,ADDRESS_ONLY_LEGACY_DISCOVERY
藤沢バリアフリー施設.txt,1220,湘南斉藤クリニック,藤沢市鵠沼石上2-14-9,0466-22-4114,false,UNKNOWN,UNKNOWN_NOT_EMBEDDED_WITH_TABLE,LICENSE_REVIEW_REQUIRED,METADATA_ONLY,ADDRESS_ONLY_LEGACY_DISCOVERY
藤沢バリアフリー施設.txt,1221,湘南太平台病院,藤沢市辻堂太平台2-13-27,0466-34-2151,false,UNKNOWN,UNKNOWN_NOT_EMBEDDED_WITH_TABLE,LICENSE_REVIEW_REQUIRED,METADATA_ONLY,ADDRESS_ONLY_LEGACY_DISCOVERY
藤沢バリアフリー施設.txt,1222,湘南中央病院,藤沢市羽鳥1-3-43,0466-36-8151,true,UNKNOWN,UNKNOWN_NOT_EMBEDDED_WITH_TABLE,LICENSE_REVIEW_REQUIRED,METADATA_ONLY,ADDRESS_ONLY_LEGACY_DISCOVERY
藤沢バリアフリー施設.txt,1223,湘南ホスピタル,藤沢市辻堂3-10-2,0466-33-5111,false,UNKNOWN,UNKNOWN_NOT_EMBEDDED_WITH_TABLE,LICENSE_REVIEW_REQUIRED,METADATA_ONLY,ADDRESS_ONLY_LEGACY_DISCOVERY
藤沢バリアフリー施設.txt,1224,藤沢御所見病院,藤沢市獺郷580,0466-48-6501,false,UNKNOWN,UNKNOWN_NOT_EMBEDDED_WITH_TABLE,LICENSE_REVIEW_REQUIRED,METADATA_ONLY,ADDRESS_ONLY_LEGACY_DISCOVERY
藤沢バリアフリー施設.txt,1225,藤沢湘南台病院,藤沢市高倉2345,0466-44-1451,false,UNKNOWN,UNKNOWN_NOT_EMBEDDED_WITH_TABLE,LICENSE_REVIEW_REQUIRED,METADATA_ONLY,ADDRESS_ONLY_LEGACY_DISCOVERY
藤沢バリアフリー施設.txt,1226,藤沢脳神経外科病院,藤沢市片瀬2-15-36,0466-27-1511,false,UNKNOWN,UNKNOWN_NOT_EMBEDDED_WITH_TABLE,LICENSE_REVIEW_REQUIRED,METADATA_ONLY,ADDRESS_ONLY_LEGACY_DISCOVERY
藤沢バリアフリー施設.txt,1227,山内病院,藤沢市南藤沢4-6,0466-25-2216,false,UNKNOWN,UNKNOWN_NOT_EMBEDDED_WITH_TABLE,LICENSE_REVIEW_REQUIRED,METADATA_ONLY,ADDRESS_ONLY_LEGACY_DISCOVERY
藤沢バリアフリー施設.txt,1228,藤沢郵便局,藤沢市藤沢115-2,[代表],false,UNKNOWN,UNKNOWN_NOT_EMBEDDED_WITH_TABLE,LICENSE_REVIEW_REQUIRED,METADATA_ONLY,ADDRESS_ONLY_LEGACY_DISCOVERY
藤沢バリアフリー施設.txt,1231,藤沢北郵便局,藤沢市高倉1220,[代表] 0466-43-1502,false,UNKNOWN,UNKNOWN_NOT_EMBEDDED_WITH_TABLE,LICENSE_REVIEW_REQUIRED,METADATA_ONLY,ADDRESS_ONLY_LEGACY_DISCOVERY
藤沢バリアフリー施設.txt,1234,江ノ島郵便局,藤沢市江の島1-4-13,0466-25-8683,false,UNKNOWN,UNKNOWN_NOT_EMBEDDED_WITH_TABLE,LICENSE_REVIEW_REQUIRED,METADATA_ONLY,ADDRESS_ONLY_LEGACY_DISCOVERY
藤沢バリアフリー施設.txt,1235,片瀬郵便局,藤沢市片瀬4-14-10,0466-25-8680,false,UNKNOWN,UNKNOWN_NOT_EMBEDDED_WITH_TABLE,LICENSE_REVIEW_REQUIRED,METADATA_ONLY,ADDRESS_ONLY_LEGACY_DISCOVERY
藤沢バリアフリー施設.txt,1236,鵠沼駅前郵便局,藤沢市鵠沼松が岡1-1-6,0466-25-8686,false,UNKNOWN,UNKNOWN_NOT_EMBEDDED_WITH_TABLE,LICENSE_REVIEW_REQUIRED,METADATA_ONLY,ADDRESS_ONLY_LEGACY_DISCOVERY
藤沢バリアフリー施設.txt,1237,鵠沼海岸郵便局,藤沢市鵠沼海岸3-1-15,0466-36-4921,false,UNKNOWN,UNKNOWN_NOT_EMBEDDED_WITH_TABLE,LICENSE_REVIEW_REQUIRED,METADATA_ONLY,ADDRESS_ONLY_LEGACY_DISCOVERY
藤沢バリアフリー施設.txt,1238,鵠沼桜が岡郵便局,藤沢市鵠沼桜が岡3-19-2,0466-25-8684,false,UNKNOWN,UNKNOWN_NOT_EMBEDDED_WITH_TABLE,LICENSE_REVIEW_REQUIRED,METADATA_ONLY,ADDRESS_ONLY_LEGACY_DISCOVERY
藤沢バリアフリー施設.txt,1239,高座渋谷郵便局,藤沢市長後1244,0466-44-7203,false,UNKNOWN,UNKNOWN_NOT_EMBEDDED_WITH_TABLE,LICENSE_REVIEW_REQUIRED,METADATA_ONLY,ADDRESS_ONLY_LEGACY_DISCOVERY
藤沢バリアフリー施設.txt,1240,御所見郵便局,藤沢市用田617,0466-48-0020,false,UNKNOWN,UNKNOWN_NOT_EMBEDDED_WITH_TABLE,LICENSE_REVIEW_REQUIRED,METADATA_ONLY,ADDRESS_ONLY_LEGACY_DISCOVERY
藤沢バリアフリー施設.txt,1241,湘南台駅前郵便局,藤沢市湘南台2-5-5　ウェルコンシェール1階,0466-44-7205,false,UNKNOWN,UNKNOWN_NOT_EMBEDDED_WITH_TABLE,LICENSE_REVIEW_REQUIRED,METADATA_ONLY,ADDRESS_ONLY_LEGACY_DISCOVERY
藤沢バリアフリー施設.txt,1242,長後郵便局,藤沢市長後672-2,0466-44-0001,false,UNKNOWN,UNKNOWN_NOT_EMBEDDED_WITH_TABLE,LICENSE_REVIEW_REQUIRED,METADATA_ONLY,ADDRESS_ONLY_LEGACY_DISCOVERY
藤沢バリアフリー施設.txt,1243,辻堂郵便局,藤沢市辻堂1-4-2,0466-36-4911,false,UNKNOWN,UNKNOWN_NOT_EMBEDDED_WITH_TABLE,LICENSE_REVIEW_REQUIRED,METADATA_ONLY,ADDRESS_ONLY_LEGACY_DISCOVERY
藤沢バリアフリー施設.txt,1244,藤沢今田郵便局,藤沢市湘南台7-3-2,0466-44-7206,false,UNKNOWN,UNKNOWN_NOT_EMBEDDED_WITH_TABLE,LICENSE_REVIEW_REQUIRED,METADATA_ONLY,ADDRESS_ONLY_LEGACY_DISCOVERY
藤沢バリアフリー施設.txt,1245,藤沢遠藤郵便局,藤沢市遠藤2953-8,0466-48-7883,false,UNKNOWN,UNKNOWN_NOT_EMBEDDED_WITH_TABLE,LICENSE_REVIEW_REQUIRED,METADATA_ONLY,ADDRESS_ONLY_LEGACY_DISCOVERY
藤沢バリアフリー施設.txt,1246,藤沢大庭郵便局,藤沢市大庭5061-21,0466-87-5277,false,UNKNOWN,UNKNOWN_NOT_EMBEDDED_WITH_TABLE,LICENSE_REVIEW_REQUIRED,METADATA_ONLY,ADDRESS_ONLY_LEGACY_DISCOVERY
藤沢バリアフリー施設.txt,1247,藤沢片瀬山郵便局,藤沢市片瀬山2-8-8,0466-22-3112,false,UNKNOWN,UNKNOWN_NOT_EMBEDDED_WITH_TABLE,LICENSE_REVIEW_REQUIRED,METADATA_ONLY,ADDRESS_ONLY_LEGACY_DISCOVERY
藤沢バリアフリー施設.txt,1248,藤沢慶応前郵便局,藤沢市遠藤4250-1,0466-48-5336,false,UNKNOWN,UNKNOWN_NOT_EMBEDDED_WITH_TABLE,LICENSE_REVIEW_REQUIRED,METADATA_ONLY,ADDRESS_ONLY_LEGACY_DISCOVERY
藤沢バリアフリー施設.txt,1249,藤沢湘南ライフタウン郵便局,藤沢市大庭5681-30,0466-87-9400,false,UNKNOWN,UNKNOWN_NOT_EMBEDDED_WITH_TABLE,LICENSE_REVIEW_REQUIRED,METADATA_ONLY,ADDRESS_ONLY_LEGACY_DISCOVERY
藤沢バリアフリー施設.txt,1250,藤沢善行団地内郵便局,藤沢市善行団地3-17-1,0466-81-4440,false,UNKNOWN,UNKNOWN_NOT_EMBEDDED_WITH_TABLE,LICENSE_REVIEW_REQUIRED,METADATA_ONLY,ADDRESS_ONLY_LEGACY_DISCOVERY
藤沢バリアフリー施設.txt,1251,藤沢善行郵便局,藤沢市善行2-18-4,0466-81-4445,false,UNKNOWN,UNKNOWN_NOT_EMBEDDED_WITH_TABLE,LICENSE_REVIEW_REQUIRED,METADATA_ONLY,ADDRESS_ONLY_LEGACY_DISCOVERY
藤沢バリアフリー施設.txt,1252,藤沢橘通郵便局,藤沢市鵠沼橘1-11-12,0466-25-8691,false,UNKNOWN,UNKNOWN_NOT_EMBEDDED_WITH_TABLE,LICENSE_REVIEW_REQUIRED,METADATA_ONLY,ADDRESS_ONLY_LEGACY_DISCOVERY
藤沢バリアフリー施設.txt,1253,藤沢台町郵便局,藤沢市藤沢4-5-2,0466-25-8685,false,UNKNOWN,UNKNOWN_NOT_EMBEDDED_WITH_TABLE,LICENSE_REVIEW_REQUIRED,METADATA_ONLY,ADDRESS_ONLY_LEGACY_DISCOVERY
藤沢バリアフリー施設.txt,1254,藤沢辻堂新町郵便局,藤沢市辻堂新町1-19-10,0466-36-4941,false,UNKNOWN,UNKNOWN_NOT_EMBEDDED_WITH_TABLE,LICENSE_REVIEW_REQUIRED,METADATA_ONLY,ADDRESS_ONLY_LEGACY_DISCOVERY
藤沢バリアフリー施設.txt,1255,藤沢西海岸郵便局,藤沢市辻堂西海岸2-10-3-10,0466-36-4918,false,UNKNOWN,UNKNOWN_NOT_EMBEDDED_WITH_TABLE,LICENSE_REVIEW_REQUIRED,METADATA_ONLY,ADDRESS_ONLY_LEGACY_DISCOVERY
藤沢バリアフリー施設.txt,1256,藤沢西富郵便局,藤沢市西富505,0466-25-8688,false,UNKNOWN,UNKNOWN_NOT_EMBEDDED_WITH_TABLE,LICENSE_REVIEW_REQUIRED,METADATA_ONLY,ADDRESS_ONLY_LEGACY_DISCOVERY
藤沢バリアフリー施設.txt,1257,藤沢藤ヶ岡郵便局,藤沢市藤が岡3-9-2,0466-25-8692,false,UNKNOWN,UNKNOWN_NOT_EMBEDDED_WITH_TABLE,LICENSE_REVIEW_REQUIRED,METADATA_ONLY,ADDRESS_ONLY_LEGACY_DISCOVERY
藤沢バリアフリー施設.txt,1258,藤沢本町郵便局,藤沢市本町1-4-26,0466-25-8690,false,UNKNOWN,UNKNOWN_NOT_EMBEDDED_WITH_TABLE,LICENSE_REVIEW_REQUIRED,METADATA_ONLY,ADDRESS_ONLY_LEGACY_DISCOVERY
藤沢バリアフリー施設.txt,1259,藤沢南口郵便局,藤沢市鵠沼花沢町1-4,0466-28-2233,false,UNKNOWN,UNKNOWN_NOT_EMBEDDED_WITH_TABLE,LICENSE_REVIEW_REQUIRED,METADATA_ONLY,ADDRESS_ONLY_LEGACY_DISCOVERY
藤沢バリアフリー施設.txt,1260,藤沢南仲通郵便局,藤沢市藤沢1015-14,0466-25-8682,false,UNKNOWN,UNKNOWN_NOT_EMBEDDED_WITH_TABLE,LICENSE_REVIEW_REQUIRED,METADATA_ONLY,ADDRESS_ONLY_LEGACY_DISCOVERY
藤沢バリアフリー施設.txt,1261,六会郵便局,藤沢市亀井野2-14-2,0466-81-4443,false,UNKNOWN,UNKNOWN_NOT_EMBEDDED_WITH_TABLE,LICENSE_REVIEW_REQUIRED,METADATA_ONLY,ADDRESS_ONLY_LEGACY_DISCOVERY
藤沢バリアフリー施設.txt,1262,神奈川銀行　辻堂支店,藤沢市辻堂1-1-15,0466-36-3155,false,UNKNOWN,UNKNOWN_NOT_EMBEDDED_WITH_TABLE,LICENSE_REVIEW_REQUIRED,METADATA_ONLY,ADDRESS_ONLY_LEGACY_DISCOVERY
藤沢バリアフリー施設.txt,1263,神奈川銀行　藤沢支店,藤沢市鵠沼石上1-5-7,0466-23-2641,false,UNKNOWN,UNKNOWN_NOT_EMBEDDED_WITH_TABLE,LICENSE_REVIEW_REQUIRED,METADATA_ONLY,ADDRESS_ONLY_LEGACY_DISCOVERY
藤沢バリアフリー施設.txt,1264,神奈川銀行　六会支店,藤沢市亀井野2-3-1,0466-82-0551,false,UNKNOWN,UNKNOWN_NOT_EMBEDDED_WITH_TABLE,LICENSE_REVIEW_REQUIRED,METADATA_ONLY,ADDRESS_ONLY_LEGACY_DISCOVERY
藤沢バリアフリー施設.txt,1265,かながわ信用金庫　片瀬支店,藤沢市片瀬3-17-29,0466-23-5412,false,UNKNOWN,UNKNOWN_NOT_EMBEDDED_WITH_TABLE,LICENSE_REVIEW_REQUIRED,METADATA_ONLY,ADDRESS_ONLY_LEGACY_DISCOVERY
藤沢バリアフリー施設.txt,1266,かながわ信用金庫　鵠沼支店,藤沢市鵠沼海岸2-3-12,0466-34-1131,false,UNKNOWN,UNKNOWN_NOT_EMBEDDED_WITH_TABLE,LICENSE_REVIEW_REQUIRED,METADATA_ONLY,ADDRESS_ONLY_LEGACY_DISCOVERY
藤沢バリアフリー施設.txt,1267,かながわ信用金庫　湘南ライフタウン支店,藤沢市遠藤869-11,0466-87-1177,false,UNKNOWN,UNKNOWN_NOT_EMBEDDED_WITH_TABLE,LICENSE_REVIEW_REQUIRED,METADATA_ONLY,ADDRESS_ONLY_LEGACY_DISCOVERY
藤沢バリアフリー施設.txt,1268,かながわ信用金庫　善行支店,藤沢市善行1-25-5,0466-83-0111,false,UNKNOWN,UNKNOWN_NOT_EMBEDDED_WITH_TABLE,LICENSE_REVIEW_REQUIRED,METADATA_ONLY,ADDRESS_ONLY_LEGACY_DISCOVERY
藤沢バリアフリー施設.txt,1269,かながわ信用金庫　長後支店,藤沢市長後575,0466-44-2141,false,UNKNOWN,UNKNOWN_NOT_EMBEDDED_WITH_TABLE,LICENSE_REVIEW_REQUIRED,METADATA_ONLY,ADDRESS_ONLY_LEGACY_DISCOVERY
藤沢バリアフリー施設.txt,1270,かながわ信用金庫　辻堂支店,藤沢市辻堂2-6-17,0466-36-5171,false,UNKNOWN,UNKNOWN_NOT_EMBEDDED_WITH_TABLE,LICENSE_REVIEW_REQUIRED,METADATA_ONLY,ADDRESS_ONLY_LEGACY_DISCOVERY
藤沢バリアフリー施設.txt,1271,かながわ信用金庫　藤沢営業部,藤沢市藤沢484-33,0466-26-5411,false,UNKNOWN,UNKNOWN_NOT_EMBEDDED_WITH_TABLE,LICENSE_REVIEW_REQUIRED,METADATA_ONLY,ADDRESS_ONLY_LEGACY_DISCOVERY
藤沢バリアフリー施設.txt,1272,かながわ信用金庫　本町支店,藤沢市藤沢2-1-11,0466-26-3100,false,UNKNOWN,UNKNOWN_NOT_EMBEDDED_WITH_TABLE,LICENSE_REVIEW_REQUIRED,METADATA_ONLY,ADDRESS_ONLY_LEGACY_DISCOVERY
藤沢バリアフリー施設.txt,1273,かながわ信用金庫　六会支店,藤沢市亀井野1-2-6,0466-82-7781,false,UNKNOWN,UNKNOWN_NOT_EMBEDDED_WITH_TABLE,LICENSE_REVIEW_REQUIRED,METADATA_ONLY,ADDRESS_ONLY_LEGACY_DISCOVERY
藤沢バリアフリー施設.txt,1274,かながわ信用金庫　村岡支店,藤沢市弥勒寺2-6-12,0466-27-7777,false,UNKNOWN,UNKNOWN_NOT_EMBEDDED_WITH_TABLE,LICENSE_REVIEW_REQUIRED,METADATA_ONLY,ADDRESS_ONLY_LEGACY_DISCOVERY
藤沢バリアフリー施設.txt,1275,静岡銀行　湘南台支店,藤沢市湘南台3-7-11,0466-45-3311,true,UNKNOWN,UNKNOWN_NOT_EMBEDDED_WITH_TABLE,LICENSE_REVIEW_REQUIRED,METADATA_ONLY,ADDRESS_ONLY_LEGACY_DISCOVERY
藤沢バリアフリー施設.txt,1276,静岡銀行　辻堂支店,藤沢市辻堂1-3-18,0466-34-2611,false,UNKNOWN,UNKNOWN_NOT_EMBEDDED_WITH_TABLE,LICENSE_REVIEW_REQUIRED,METADATA_ONLY,ADDRESS_ONLY_LEGACY_DISCOVERY
藤沢バリアフリー施設.txt,1277,静岡銀行　藤沢支店,藤沢市藤沢556-76,0466-26-3131,false,UNKNOWN,UNKNOWN_NOT_EMBEDDED_WITH_TABLE,LICENSE_REVIEW_REQUIRED,METADATA_ONLY,ADDRESS_ONLY_LEGACY_DISCOVERY
藤沢バリアフリー施設.txt,1278,湘南信用金庫　藤沢支店,藤沢市鵠沼橘1-1-2,0466-27-6310,false,UNKNOWN,UNKNOWN_NOT_EMBEDDED_WITH_TABLE,LICENSE_REVIEW_REQUIRED,METADATA_ONLY,ADDRESS_ONLY_LEGACY_DISCOVERY
藤沢バリアフリー施設.txt,1279,新生銀行　藤沢支店,藤沢市南藤沢22-2-101,0120-456-007,false,UNKNOWN,UNKNOWN_NOT_EMBEDDED_WITH_TABLE,LICENSE_REVIEW_REQUIRED,METADATA_ONLY,ADDRESS_ONLY_LEGACY_DISCOVERY
藤沢バリアフリー施設.txt,1280,中央労働金庫　藤沢支店,藤沢市鵠沼花沢町1-1-101,0466-27-8811,false,UNKNOWN,UNKNOWN_NOT_EMBEDDED_WITH_TABLE,LICENSE_REVIEW_REQUIRED,METADATA_ONLY,ADDRESS_ONLY_LEGACY_DISCOVERY
藤沢バリアフリー施設.txt,1281,東京スター銀行　藤沢支店,藤沢市南藤沢3-12　クリオ藤沢駅前3階,0466-29-7422,false,UNKNOWN,UNKNOWN_NOT_EMBEDDED_WITH_TABLE,LICENSE_REVIEW_REQUIRED,METADATA_ONLY,ADDRESS_ONLY_LEGACY_DISCOVERY
藤沢バリアフリー施設.txt,1282,みずほ銀行　湘南台支店,藤沢市湘南台2-13-6,0466-43-6111,true,UNKNOWN,UNKNOWN_NOT_EMBEDDED_WITH_TABLE,LICENSE_REVIEW_REQUIRED,METADATA_ONLY,ADDRESS_ONLY_LEGACY_DISCOVERY
藤沢バリアフリー施設.txt,1283,みずほ銀行　辻堂支店,藤沢市辻堂1-3-16,0466-33-4131,false,UNKNOWN,UNKNOWN_NOT_EMBEDDED_WITH_TABLE,LICENSE_REVIEW_REQUIRED,METADATA_ONLY,ADDRESS_ONLY_LEGACY_DISCOVERY
藤沢バリアフリー施設.txt,1284,みずほ銀行　藤沢支店,藤沢市藤沢107-1,0466-23-4131,false,UNKNOWN,UNKNOWN_NOT_EMBEDDED_WITH_TABLE,LICENSE_REVIEW_REQUIRED,METADATA_ONLY,ADDRESS_ONLY_LEGACY_DISCOVERY
藤沢バリアフリー施設.txt,1285,三井住友銀行　藤沢支店・湘南台支店・片瀬山出張所,藤沢市藤沢438-1,[藤沢支店] 0466-26-3411,false,UNKNOWN,UNKNOWN_NOT_EMBEDDED_WITH_TABLE,LICENSE_REVIEW_REQUIRED,METADATA_ONLY,ADDRESS_ONLY_LEGACY_DISCOVERY
藤沢バリアフリー施設.txt,1288,三井住友信託銀行　藤沢支店・藤沢中央支店,藤沢市南藤沢21-1-101,0466-26-3151,false,UNKNOWN,UNKNOWN_NOT_EMBEDDED_WITH_TABLE,LICENSE_REVIEW_REQUIRED,METADATA_ONLY,ADDRESS_ONLY_LEGACY_DISCOVERY
藤沢バリアフリー施設.txt,1289,三菱東京UFJ銀行　湘南台支店,藤沢市湘南台1-4-2,0466-43-9521,false,UNKNOWN,UNKNOWN_NOT_EMBEDDED_WITH_TABLE,LICENSE_REVIEW_REQUIRED,METADATA_ONLY,ADDRESS_ONLY_LEGACY_DISCOVERY
藤沢バリアフリー施設.txt,1290,八千代銀行　湘南台支店,藤沢市湘南台1-9-5,0466-46-3511,false,UNKNOWN,UNKNOWN_NOT_EMBEDDED_WITH_TABLE,LICENSE_REVIEW_REQUIRED,METADATA_ONLY,ADDRESS_ONLY_LEGACY_DISCOVERY
藤沢バリアフリー施設.txt,1291,りそな銀行　長後支店,藤沢市下土棚510-13,0466-43-1231,false,UNKNOWN,UNKNOWN_NOT_EMBEDDED_WITH_TABLE,LICENSE_REVIEW_REQUIRED,METADATA_ONLY,ADDRESS_ONLY_LEGACY_DISCOVERY
藤沢バリアフリー施設.txt,1292,りそな銀行　藤沢支店,藤沢市藤沢555,0466-23-3111,false,UNKNOWN,UNKNOWN_NOT_EMBEDDED_WITH_TABLE,LICENSE_REVIEW_REQUIRED,METADATA_ONLY,ADDRESS_ONLY_LEGACY_DISCOVERY
藤沢バリアフリー施設.txt,1293,FUJI　鵠沼店,藤沢市鵠沼海岸5-2-22,0466-37-1011,false,UNKNOWN,UNKNOWN_NOT_EMBEDDED_WITH_TABLE,LICENSE_REVIEW_REQUIRED,METADATA_ONLY,ADDRESS_ONLY_LEGACY_DISCOVERY
藤沢バリアフリー施設.txt,1294,FUJI　善行店,藤沢市善行坂1-3-17,0466-84-1311,false,UNKNOWN,UNKNOWN_NOT_EMBEDDED_WITH_TABLE,LICENSE_REVIEW_REQUIRED,METADATA_ONLY,ADDRESS_ONLY_LEGACY_DISCOVERY
藤沢バリアフリー施設.txt,1295,JAさがみ　ファーマーズマーケット　わいわい市藤沢店,藤沢市亀井野2504,0466-90-0831,false,UNKNOWN,UNKNOWN_NOT_EMBEDDED_WITH_TABLE,LICENSE_REVIEW_REQUIRED,METADATA_ONLY,ADDRESS_ONLY_LEGACY_DISCOVERY
藤沢バリアフリー施設.txt,1296,LUMINE 藤沢店,藤沢市藤沢438-1,0466-24-4000,false,UNKNOWN,UNKNOWN_NOT_EMBEDDED_WITH_TABLE,LICENSE_REVIEW_REQUIRED,METADATA_ONLY,ADDRESS_ONLY_LEGACY_DISCOVERY
藤沢バリアフリー施設.txt,1297,Ｌuz湘南辻堂,藤沢市辻堂神台1-2-12,0466-30-3535,true,UNKNOWN,UNKNOWN_NOT_EMBEDDED_WITH_TABLE,LICENSE_REVIEW_REQUIRED,METADATA_ONLY,ADDRESS_ONLY_LEGACY_DISCOVERY
藤沢バリアフリー施設.txt,1298,MrMax　湘南藤沢ショッピングセンター,藤沢市辻堂新町4-3-5,0466-20-1780,false,UNKNOWN,UNKNOWN_NOT_EMBEDDED_WITH_TABLE,LICENSE_REVIEW_REQUIRED,METADATA_ONLY,ADDRESS_ONLY_LEGACY_DISCOVERY
藤沢バリアフリー施設.txt,1299,イオン　藤沢店,藤沢市大庭5061-2,0466-88-4111,false,UNKNOWN,UNKNOWN_NOT_EMBEDDED_WITH_TABLE,LICENSE_REVIEW_REQUIRED,METADATA_ONLY,ADDRESS_ONLY_LEGACY_DISCOVERY
藤沢バリアフリー施設.txt,1300,イトーヨーカドー　湘南台店,藤沢市石川6-2-1,0466-87-5511,false,UNKNOWN,UNKNOWN_NOT_EMBEDDED_WITH_TABLE,LICENSE_REVIEW_REQUIRED,METADATA_ONLY,ADDRESS_ONLY_LEGACY_DISCOVERY
藤沢バリアフリー施設.txt,1301,ヴィクトリアゴルフ　湘南台店,藤沢市湘南台7-53-3,0466-42-4493,false,UNKNOWN,UNKNOWN_NOT_EMBEDDED_WITH_TABLE,LICENSE_REVIEW_REQUIRED,METADATA_ONLY,ADDRESS_ONLY_LEGACY_DISCOVERY
藤沢バリアフリー施設.txt,1302,オーケー　辻堂羽鳥店,藤沢市羽鳥1-1-45,0466-52-5275,true,UNKNOWN,UNKNOWN_NOT_EMBEDDED_WITH_TABLE,LICENSE_REVIEW_REQUIRED,METADATA_ONLY,ADDRESS_ONLY_LEGACY_DISCOVERY
藤沢バリアフリー施設.txt,1303,オーケー　藤沢店,藤沢市南藤沢6-23,0466-25-5111,false,UNKNOWN,UNKNOWN_NOT_EMBEDDED_WITH_TABLE,LICENSE_REVIEW_REQUIRED,METADATA_ONLY,ADDRESS_ONLY_LEGACY_DISCOVERY
藤沢バリアフリー施設.txt,1304,ODAKYU 湘南 GATE,藤沢市南藤沢21-1,0466-27-6000,true,UNKNOWN,UNKNOWN_NOT_EMBEDDED_WITH_TABLE,LICENSE_REVIEW_REQUIRED,METADATA_ONLY,ADDRESS_ONLY_LEGACY_DISCOVERY
藤沢バリアフリー施設.txt,1305,オリンピック　藤沢店,藤沢市渡内1-3-12,0466-50-7511,false,UNKNOWN,UNKNOWN_NOT_EMBEDDED_WITH_TABLE,LICENSE_REVIEW_REQUIRED,METADATA_ONLY,ADDRESS_ONLY_LEGACY_DISCOVERY
藤沢バリアフリー施設.txt,1306,ケーズデンキ　湘南藤沢店,藤沢市葛原1695-3,0466-49-6114,false,UNKNOWN,UNKNOWN_NOT_EMBEDDED_WITH_TABLE,LICENSE_REVIEW_REQUIRED,METADATA_ONLY,ADDRESS_ONLY_LEGACY_DISCOVERY
藤沢バリアフリー施設.txt,1307,ケーズデンキ　辻堂店,藤沢市辻堂神台2-4-35,0466-90-5778,true,UNKNOWN,UNKNOWN_NOT_EMBEDDED_WITH_TABLE,LICENSE_REVIEW_REQUIRED,METADATA_ONLY,ADDRESS_ONLY_LEGACY_DISCOVERY
藤沢バリアフリー施設.txt,1308,ケーズデンキ　藤沢弥勒寺店,藤沢市弥勒寺2-6-5,0466-54-8700,false,UNKNOWN,UNKNOWN_NOT_EMBEDDED_WITH_TABLE,LICENSE_REVIEW_REQUIRED,METADATA_ONLY,ADDRESS_ONLY_LEGACY_DISCOVERY
藤沢バリアフリー施設.txt,1309,さいか屋　藤沢店,藤沢市藤沢555,0466-27-1111,false,UNKNOWN,UNKNOWN_NOT_EMBEDDED_WITH_TABLE,LICENSE_REVIEW_REQUIRED,METADATA_ONLY,ADDRESS_ONLY_LEGACY_DISCOVERY
藤沢バリアフリー施設.txt,1310,サミットストア　藤沢駅北口店,藤沢市藤沢610-1,0466-54-3313,true,UNKNOWN,UNKNOWN_NOT_EMBEDDED_WITH_TABLE,LICENSE_REVIEW_REQUIRED,METADATA_ONLY,ADDRESS_ONLY_LEGACY_DISCOVERY
藤沢バリアフリー施設.txt,1311,湘南台ウエストプラザ,藤沢市湘南台2-5-11,0466-46-7211,false,UNKNOWN,UNKNOWN_NOT_EMBEDDED_WITH_TABLE,LICENSE_REVIEW_REQUIRED,METADATA_ONLY,ADDRESS_ONLY_LEGACY_DISCOVERY
藤沢バリアフリー施設.txt,1312,湘南T-SITE,藤沢市辻堂元町6-20-1,0466-31-1515,true,UNKNOWN,UNKNOWN_NOT_EMBEDDED_WITH_TABLE,LICENSE_REVIEW_REQUIRED,METADATA_ONLY,ADDRESS_ONLY_LEGACY_DISCOVERY
藤沢バリアフリー施設.txt,1313,湘南モールフィル,藤沢市辻堂新町4-1-1,0466-31-6100,false,UNKNOWN,UNKNOWN_NOT_EMBEDDED_WITH_TABLE,LICENSE_REVIEW_REQUIRED,METADATA_ONLY,ADDRESS_ONLY_LEGACY_DISCOVERY
藤沢バリアフリー施設.txt,1314,スーパー生鮮館TAIGA　藤沢石川店,藤沢市石川2-4-6,0466-89-0021,false,UNKNOWN,UNKNOWN_NOT_EMBEDDED_WITH_TABLE,LICENSE_REVIEW_REQUIRED,METADATA_ONLY,ADDRESS_ONLY_LEGACY_DISCOVERY
藤沢バリアフリー施設.txt,1315,スーパーセンタートライアル　藤沢羽鳥店,藤沢市羽鳥5-13-12,0466-31-2288,true,UNKNOWN,UNKNOWN_NOT_EMBEDDED_WITH_TABLE,LICENSE_REVIEW_REQUIRED,METADATA_ONLY,ADDRESS_ONLY_LEGACY_DISCOVERY
藤沢バリアフリー施設.txt,1316,西友　藤沢石川店,藤沢市石川2-14-16,0466-86-0468,false,UNKNOWN,UNKNOWN_NOT_EMBEDDED_WITH_TABLE,LICENSE_REVIEW_REQUIRED,METADATA_ONLY,ADDRESS_ONLY_LEGACY_DISCOVERY
藤沢バリアフリー施設.txt,1317,生活協同組合ユーコープ　湘南台店,藤沢市円行2-10-1,0466-44-7750,false,UNKNOWN,UNKNOWN_NOT_EMBEDDED_WITH_TABLE,LICENSE_REVIEW_REQUIRED,METADATA_ONLY,ADDRESS_ONLY_LEGACY_DISCOVERY
藤沢バリアフリー施設.txt,1318,生活協同組合ユーコープ　ミアクチーナ長後駅前店,藤沢市下土棚461-1,0466-43-4121,false,UNKNOWN,UNKNOWN_NOT_EMBEDDED_WITH_TABLE,LICENSE_REVIEW_REQUIRED,METADATA_ONLY,ADDRESS_ONLY_LEGACY_DISCOVERY
藤沢バリアフリー施設.txt,1319,そうてつローゼン　湘南台店,藤沢市湘南台1-10-1,0466-43-1131,false,UNKNOWN,UNKNOWN_NOT_EMBEDDED_WITH_TABLE,LICENSE_REVIEW_REQUIRED,METADATA_ONLY,ADDRESS_ONLY_LEGACY_DISCOVERY
藤沢バリアフリー施設.txt,1320,ダイエー　湘南台店,藤沢市湘南台1-3-3,0466-45-3911,false,UNKNOWN,UNKNOWN_NOT_EMBEDDED_WITH_TABLE,LICENSE_REVIEW_REQUIRED,METADATA_ONLY,ADDRESS_ONLY_LEGACY_DISCOVERY
藤沢バリアフリー施設.txt,1321,ダイエー　藤沢店,藤沢市藤沢520,0466-28-2221,true,UNKNOWN,UNKNOWN_NOT_EMBEDDED_WITH_TABLE,LICENSE_REVIEW_REQUIRED,METADATA_ONLY,ADDRESS_ONLY_LEGACY_DISCOVERY
藤沢バリアフリー施設.txt,1322,ダイヤモンドビル,藤沢市南藤沢2-1-3,0466-22-7121,false,UNKNOWN,UNKNOWN_NOT_EMBEDDED_WITH_TABLE,LICENSE_REVIEW_REQUIRED,METADATA_ONLY,ADDRESS_ONLY_LEGACY_DISCOVERY
藤沢バリアフリー施設.txt,1323,DCM　藤沢石川店,藤沢市石川5-28-5,0466-87-4888,false,UNKNOWN,UNKNOWN_NOT_EMBEDDED_WITH_TABLE,LICENSE_REVIEW_REQUIRED,METADATA_ONLY,ADDRESS_ONLY_LEGACY_DISCOVERY
藤沢バリアフリー施設.txt,1324,テラスモール湘南,藤沢市辻堂神台1-3-1,0466-38-1000,true,UNKNOWN,UNKNOWN_NOT_EMBEDDED_WITH_TABLE,LICENSE_REVIEW_REQUIRED,METADATA_ONLY,ADDRESS_ONLY_LEGACY_DISCOVERY
藤沢バリアフリー施設.txt,1325,東急ストア　湘南とうきゅう店,藤沢市遠藤698-10,0466-86-0109,false,UNKNOWN,UNKNOWN_NOT_EMBEDDED_WITH_TABLE,LICENSE_REVIEW_REQUIRED,METADATA_ONLY,ADDRESS_ONLY_LEGACY_DISCOVERY
藤沢バリアフリー施設.txt,1326,トレアージュ白旗,藤沢市藤沢2-3-15,0466-55-1122,false,UNKNOWN,UNKNOWN_NOT_EMBEDDED_WITH_TABLE,LICENSE_REVIEW_REQUIRED,METADATA_ONLY,ADDRESS_ONLY_LEGACY_DISCOVERY
藤沢バリアフリー施設.txt,1327,ドン・キホーテ　藤沢駅南口店,藤沢市南藤沢19-17,0466-29-1711,true,UNKNOWN,UNKNOWN_NOT_EMBEDDED_WITH_TABLE,LICENSE_REVIEW_REQUIRED,METADATA_ONLY,ADDRESS_ONLY_LEGACY_DISCOVERY
藤沢バリアフリー施設.txt,1328,なぎさモール辻堂,藤沢市辻堂西海岸2-11,,false,UNKNOWN,UNKNOWN_NOT_EMBEDDED_WITH_TABLE,LICENSE_REVIEW_REQUIRED,METADATA_ONLY,ADDRESS_ONLY_LEGACY_DISCOVERY
藤沢バリアフリー施設.txt,1330,ハードオフ・オフハウス・ホビーオフ　藤沢店,藤沢市藤沢517-1,0466-47-9324,false,UNKNOWN,UNKNOWN_NOT_EMBEDDED_WITH_TABLE,LICENSE_REVIEW_REQUIRED,METADATA_ONLY,ADDRESS_ONLY_LEGACY_DISCOVERY
藤沢バリアフリー施設.txt,1331,ビックカメラ　藤沢店,藤沢市藤沢559,0466-29-1111,false,UNKNOWN,UNKNOWN_NOT_EMBEDDED_WITH_TABLE,LICENSE_REVIEW_REQUIRED,METADATA_ONLY,ADDRESS_ONLY_LEGACY_DISCOVERY
藤沢バリアフリー施設.txt,1332,ファッションセンターしまむら　湘南台店,藤沢市石川6-18-55,0466-86-6426,false,UNKNOWN,UNKNOWN_NOT_EMBEDDED_WITH_TABLE,LICENSE_REVIEW_REQUIRED,METADATA_ONLY,ADDRESS_ONLY_LEGACY_DISCOVERY
藤沢バリアフリー施設.txt,1333,ファッションセンターしまむら　辻堂新町店,藤沢市辻堂新町4-2-7,0466-38-0281,false,UNKNOWN,UNKNOWN_NOT_EMBEDDED_WITH_TABLE,LICENSE_REVIEW_REQUIRED,METADATA_ONLY,ADDRESS_ONLY_LEGACY_DISCOVERY
藤沢バリアフリー施設.txt,1334,フジサワ名店ビル,藤沢市南藤沢2-1-1,0466-23-0111,false,UNKNOWN,UNKNOWN_NOT_EMBEDDED_WITH_TABLE,LICENSE_REVIEW_REQUIRED,METADATA_ONLY,ADDRESS_ONLY_LEGACY_DISCOVERY
藤沢バリアフリー施設.txt,1335,文具スーパー事務キチ　藤沢店,藤沢市辻堂新町2-3,0466-31-1322,false,UNKNOWN,UNKNOWN_NOT_EMBEDDED_WITH_TABLE,LICENSE_REVIEW_REQUIRED,METADATA_ONLY,ADDRESS_ONLY_LEGACY_DISCOVERY
藤沢バリアフリー施設.txt,1336,ホームセンターコーナン　湘南藤沢店,藤沢市遠藤698-10,0466-89-0644,false,UNKNOWN,UNKNOWN_NOT_EMBEDDED_WITH_TABLE,LICENSE_REVIEW_REQUIRED,METADATA_ONLY,ADDRESS_ONLY_LEGACY_DISCOVERY
藤沢バリアフリー施設.txt,1337,湘南藤沢オーパ,藤沢市南藤沢22-3,0466-26-8111,true,UNKNOWN,UNKNOWN_NOT_EMBEDDED_WITH_TABLE,LICENSE_REVIEW_REQUIRED,METADATA_ONLY,ADDRESS_ONLY_LEGACY_DISCOVERY
藤沢バリアフリー施設.txt,1338,ヤオコー　藤沢片瀬店,藤沢市片瀬310-2,0466-55-1611,true,UNKNOWN,UNKNOWN_NOT_EMBEDDED_WITH_TABLE,LICENSE_REVIEW_REQUIRED,METADATA_ONLY,ADDRESS_ONLY_LEGACY_DISCOVERY
藤沢バリアフリー施設.txt,1339,ヤオコー　藤沢柄沢店,藤沢市柄沢2-2-15,0466-28-7411,true,UNKNOWN,UNKNOWN_NOT_EMBEDDED_WITH_TABLE,LICENSE_REVIEW_REQUIRED,METADATA_ONLY,ADDRESS_ONLY_LEGACY_DISCOVERY
藤沢バリアフリー施設.txt,1340,ヨークフーズ　辻堂太平台店,藤沢市辻堂太平台2-10-3,0466-36-5777,true,UNKNOWN,UNKNOWN_NOT_EMBEDDED_WITH_TABLE,LICENSE_REVIEW_REQUIRED,METADATA_ONLY,ADDRESS_ONLY_LEGACY_DISCOVERY
藤沢バリアフリー施設.txt,1341,ヨークフーズ　藤沢六会店,藤沢市亀井野1-3-9,0466-81-2133,true,UNKNOWN,UNKNOWN_NOT_EMBEDDED_WITH_TABLE,LICENSE_REVIEW_REQUIRED,METADATA_ONLY,ADDRESS_ONLY_LEGACY_DISCOVERY
藤沢バリアフリー施設.txt,1342,ルームズ大正堂　つじどう店,藤沢市辻堂新町1-6-35,0466-30-4811,false,UNKNOWN,UNKNOWN_NOT_EMBEDDED_WITH_TABLE,LICENSE_REVIEW_REQUIRED,METADATA_ONLY,ADDRESS_ONLY_LEGACY_DISCOVERY
藤沢バリアフリー施設.txt,1343,ロイヤルプロ　藤沢並木台,藤沢市並木台2-10-10,0466-23-5700,true,UNKNOWN,UNKNOWN_NOT_EMBEDDED_WITH_TABLE,LICENSE_REVIEW_REQUIRED,METADATA_ONLY,ADDRESS_ONLY_LEGACY_DISCOVERY
藤沢バリアフリー施設.txt,1344,ロピア 石川店,藤沢市石川5-9-26,0466-89-0222,false,UNKNOWN,UNKNOWN_NOT_EMBEDDED_WITH_TABLE,LICENSE_REVIEW_REQUIRED,METADATA_ONLY,ADDRESS_ONLY_LEGACY_DISCOVERY
藤沢バリアフリー施設.txt,1345,藤沢市観光センター,藤沢市片瀬海岸2-20-13,0466-22-4141,true,UNKNOWN,UNKNOWN_NOT_EMBEDDED_WITH_TABLE,LICENSE_REVIEW_REQUIRED,METADATA_ONLY,ADDRESS_ONLY_LEGACY_DISCOVERY
藤沢バリアフリー施設.txt,1346,江の島サムエル・コッキング苑,藤沢市江の島2-3-28,0466-23-2444,true,UNKNOWN,UNKNOWN_NOT_EMBEDDED_WITH_TABLE,LICENSE_REVIEW_REQUIRED,METADATA_ONLY,ADDRESS_ONLY_LEGACY_DISCOVERY
藤沢バリアフリー施設.txt,1347,江の島シーキャンドル（江の島展望灯台）,藤沢市江の島2-3-28,0466-23-2444,false,UNKNOWN,UNKNOWN_NOT_EMBEDDED_WITH_TABLE,LICENSE_REVIEW_REQUIRED,METADATA_ONLY,ADDRESS_ONLY_LEGACY_DISCOVERY
藤沢バリアフリー施設.txt,1348,江島神社,藤沢市江の島2-3-8,0466-22-4020,false,UNKNOWN,UNKNOWN_NOT_EMBEDDED_WITH_TABLE,LICENSE_REVIEW_REQUIRED,METADATA_ONLY,ADDRESS_ONLY_LEGACY_DISCOVERY
藤沢バリアフリー施設.txt,1349,江の島大師,藤沢市江の島2-4-10,0466-50-2111,false,UNKNOWN,UNKNOWN_NOT_EMBEDDED_WITH_TABLE,LICENSE_REVIEW_REQUIRED,METADATA_ONLY,ADDRESS_ONLY_LEGACY_DISCOVERY
藤沢バリアフリー施設.txt,1350,湘南港　江の島ヨットハーバー,藤沢市江の島1-12-2,0466-22-2128,true,UNKNOWN,UNKNOWN_NOT_EMBEDDED_WITH_TABLE,LICENSE_REVIEW_REQUIRED,METADATA_ONLY,ADDRESS_ONLY_LEGACY_DISCOVERY
藤沢バリアフリー施設.txt,1351,県立湘南海岸公園　サーフビレッジ,藤沢市鵠沼海岸1-17-3,0466-34-9912,false,UNKNOWN,UNKNOWN_NOT_EMBEDDED_WITH_TABLE,LICENSE_REVIEW_REQUIRED,METADATA_ONLY,ADDRESS_ONLY_LEGACY_DISCOVERY
藤沢バリアフリー施設.txt,1352,聶耳（ニエアル）記念広場,藤沢市鵠沼海岸2-18,0466-33-2001（鵠沼市民センター）,false,UNKNOWN,UNKNOWN_NOT_EMBEDDED_WITH_TABLE,LICENSE_REVIEW_REQUIRED,METADATA_ONLY,ADDRESS_ONLY_LEGACY_DISCOVERY
藤沢バリアフリー施設.txt,1353,皇大神宮,藤沢市鵠沼神明2-11-5,0466-24-5590,false,UNKNOWN,UNKNOWN_NOT_EMBEDDED_WITH_TABLE,LICENSE_REVIEW_REQUIRED,METADATA_ONLY,ADDRESS_ONLY_LEGACY_DISCOVERY
藤沢バリアフリー施設.txt,1354,新江ノ島水族館,藤沢市片瀬海岸2-19-1,0466-29-9960,false,UNKNOWN,UNKNOWN_NOT_EMBEDDED_WITH_TABLE,LICENSE_REVIEW_REQUIRED,METADATA_ONLY,ADDRESS_ONLY_LEGACY_DISCOVERY
藤沢バリアフリー施設.txt,1355,遊行寺,藤沢市西富1-8-1,0466-22-2063,true,UNKNOWN,UNKNOWN_NOT_EMBEDDED_WITH_TABLE,LICENSE_REVIEW_REQUIRED,METADATA_ONLY,ADDRESS_ONLY_LEGACY_DISCOVERY
藤沢バリアフリー施設.txt,1356,龍口寺,神奈川県藤沢市片瀬3-13-37,0466-25-7357,false,UNKNOWN,UNKNOWN_NOT_EMBEDDED_WITH_TABLE,LICENSE_REVIEW_REQUIRED,METADATA_ONLY,ADDRESS_ONLY_LEGACY_DISCOVERY
藤沢バリアフリー施設.txt,1357,８hotel,藤沢市鵠沼花沢町1-5,0466-54-0880,true,UNKNOWN,UNKNOWN_NOT_EMBEDDED_WITH_TABLE,LICENSE_REVIEW_REQUIRED,METADATA_ONLY,ADDRESS_ONLY_LEGACY_DISCOVERY
藤沢バリアフリー施設.txt,1358,KKR江ノ島ニュー向洋,藤沢市片瀬海岸1-7-23,0466-23-7710,false,UNKNOWN,UNKNOWN_NOT_EMBEDDED_WITH_TABLE,LICENSE_REVIEW_REQUIRED,METADATA_ONLY,ADDRESS_ONLY_LEGACY_DISCOVERY
藤沢バリアフリー施設.txt,1359,恵比寿屋,藤沢市江の島1-4-16,0466-22-4105,false,UNKNOWN,UNKNOWN_NOT_EMBEDDED_WITH_TABLE,LICENSE_REVIEW_REQUIRED,METADATA_ONLY,ADDRESS_ONLY_LEGACY_DISCOVERY
藤沢バリアフリー施設.txt,1360,木村屋旅館,藤沢市西富1-3-7,0466-22-5909,false,UNKNOWN,UNKNOWN_NOT_EMBEDDED_WITH_TABLE,LICENSE_REVIEW_REQUIRED,METADATA_ONLY,ADDRESS_ONLY_LEGACY_DISCOVERY
藤沢バリアフリー施設.txt,1361,湘南クリスタルホテル,藤沢市南藤沢14-1,0466-28-2111,false,UNKNOWN,UNKNOWN_NOT_EMBEDDED_WITH_TABLE,LICENSE_REVIEW_REQUIRED,METADATA_ONLY,ADDRESS_ONLY_LEGACY_DISCOVERY
藤沢バリアフリー施設.txt,1362,湘南台第一ホテル,藤沢市湘南台2-3-10,0466-45-7200,false,UNKNOWN,UNKNOWN_NOT_EMBEDDED_WITH_TABLE,LICENSE_REVIEW_REQUIRED,METADATA_ONLY,ADDRESS_ONLY_LEGACY_DISCOVERY
藤沢バリアフリー施設.txt,1363,スマイルホテル湘南藤沢,藤沢市南藤沢19-12,0466-23-1116,true,UNKNOWN,UNKNOWN_NOT_EMBEDDED_WITH_TABLE,LICENSE_REVIEW_REQUIRED,METADATA_ONLY,ADDRESS_ONLY_LEGACY_DISCOVERY
藤沢バリアフリー施設.txt,1364,第一イン湘南,藤沢市辻堂1-4-14,0466-36-4411,false,UNKNOWN,UNKNOWN_NOT_EMBEDDED_WITH_TABLE,LICENSE_REVIEW_REQUIRED,METADATA_ONLY,ADDRESS_ONLY_LEGACY_DISCOVERY
藤沢バリアフリー施設.txt,1365,東横INN湘南鎌倉藤沢駅北口,藤沢市藤沢515-1,0466-53-1045,false,UNKNOWN,UNKNOWN_NOT_EMBEDDED_WITH_TABLE,LICENSE_REVIEW_REQUIRED,METADATA_ONLY,ADDRESS_ONLY_LEGACY_DISCOVERY
藤沢バリアフリー施設.txt,1366,ホテル法華クラブ湘南・藤沢,藤沢市鵠沼石上1-6-1,0466-27-6101,false,UNKNOWN,UNKNOWN_NOT_EMBEDDED_WITH_TABLE,LICENSE_REVIEW_REQUIRED,METADATA_ONLY,ADDRESS_ONLY_LEGACY_DISCOVERY
藤沢バリアフリー施設.txt,1367,藤沢駅北口公衆便所,藤沢市藤沢420-3,0466-50-3529,false,UNKNOWN,UNKNOWN_NOT_EMBEDDED_WITH_TABLE,LICENSE_REVIEW_REQUIRED,METADATA_ONLY,ADDRESS_ONLY_LEGACY_DISCOVERY
藤沢バリアフリー施設.txt,1368,江の島公衆便所,藤沢市江の島2-3-11,0466-50-3529,false,UNKNOWN,UNKNOWN_NOT_EMBEDDED_WITH_TABLE,LICENSE_REVIEW_REQUIRED,METADATA_ONLY,ADDRESS_ONLY_LEGACY_DISCOVERY
藤沢バリアフリー施設.txt,1369,奥津宮公衆便所,藤沢市江の島2-6-11,0466-50-3529,false,UNKNOWN,UNKNOWN_NOT_EMBEDDED_WITH_TABLE,LICENSE_REVIEW_REQUIRED,METADATA_ONLY,ADDRESS_ONLY_LEGACY_DISCOVERY
藤沢バリアフリー施設.txt,1370,辻堂駅南口公衆便所,藤沢市辻堂1-1-1,0466-50-3529,false,UNKNOWN,UNKNOWN_NOT_EMBEDDED_WITH_TABLE,LICENSE_REVIEW_REQUIRED,METADATA_ONLY,ADDRESS_ONLY_LEGACY_DISCOVERY
藤沢バリアフリー施設.txt,1371,長後駅西口公衆便所,藤沢市下土棚509-1,0466-50-3529,false,UNKNOWN,UNKNOWN_NOT_EMBEDDED_WITH_TABLE,LICENSE_REVIEW_REQUIRED,METADATA_ONLY,ADDRESS_ONLY_LEGACY_DISCOVERY
藤沢バリアフリー施設.txt,1372,辻堂駅北口公衆便所,藤沢市辻堂神台1-2-1,0466-50-3529,true,UNKNOWN,UNKNOWN_NOT_EMBEDDED_WITH_TABLE,LICENSE_REVIEW_REQUIRED,METADATA_ONLY,ADDRESS_ONLY_LEGACY_DISCOVERY
藤沢バリアフリー施設.txt,1373,六会日大前駅東口公衆便所,藤沢市亀井1-36-2,0466-50-3529,false,UNKNOWN,UNKNOWN_NOT_EMBEDDED_WITH_TABLE,LICENSE_REVIEW_REQUIRED,METADATA_ONLY,ADDRESS_ONLY_LEGACY_DISCOVERY
藤沢バリアフリー施設.txt,1374,辻堂駅西口公衆便所,藤沢市辻堂神台1-6-10,0466-50-3529,false,UNKNOWN,UNKNOWN_NOT_EMBEDDED_WITH_TABLE,LICENSE_REVIEW_REQUIRED,METADATA_ONLY,ADDRESS_ONLY_LEGACY_DISCOVERY
藤沢バリアフリー施設.txt,1375,湘南台駅地下公衆便所,藤沢市湘南台1-43-13,0466-50-3529,true,UNKNOWN,UNKNOWN_NOT_EMBEDDED_WITH_TABLE,LICENSE_REVIEW_REQUIRED,METADATA_ONLY,ADDRESS_ONLY_LEGACY_DISCOVERY
藤沢バリアフリー施設.txt,1376,湘南ライフタウン公衆便所,藤沢市遠藤869-12,0466-50-3529,true,UNKNOWN,UNKNOWN_NOT_EMBEDDED_WITH_TABLE,LICENSE_REVIEW_REQUIRED,METADATA_ONLY,ADDRESS_ONLY_LEGACY_DISCOVERY
藤沢バリアフリー施設.txt,1377,片瀬東浜公衆便所,藤沢市片瀬海岸1-15-1,0466-50-3529,false,UNKNOWN,UNKNOWN_NOT_EMBEDDED_WITH_TABLE,LICENSE_REVIEW_REQUIRED,METADATA_ONLY,ADDRESS_ONLY_LEGACY_DISCOVERY
藤沢バリアフリー施設.txt,1378,片瀬江の島公衆便所,藤沢市片瀬海岸1-14-8,0466-50-3529,false,UNKNOWN,UNKNOWN_NOT_EMBEDDED_WITH_TABLE,LICENSE_REVIEW_REQUIRED,METADATA_ONLY,ADDRESS_ONLY_LEGACY_DISCOVERY
藤沢バリアフリー施設.txt,1379,竜野ヶ岡公衆便所,藤沢市江の島2-5-10,0466-50-3529,false,UNKNOWN,UNKNOWN_NOT_EMBEDDED_WITH_TABLE,LICENSE_REVIEW_REQUIRED,METADATA_ONLY,ADDRESS_ONLY_LEGACY_DISCOVERY
藤沢バリアフリー施設.txt,1380,サムエル・コッキング苑入口トイレ,藤沢市江の島2-3-28,,true,UNKNOWN,UNKNOWN_NOT_EMBEDDED_WITH_TABLE,LICENSE_REVIEW_REQUIRED,METADATA_ONLY,ADDRESS_ONLY_LEGACY_DISCOVERY
藤沢バリアフリー施設.txt,1382,稚児ヶ淵レストハウストイレ,藤沢市江の島2-5-2,,true,UNKNOWN,UNKNOWN_NOT_EMBEDDED_WITH_TABLE,LICENSE_REVIEW_REQUIRED,METADATA_ONLY,ADDRESS_ONLY_LEGACY_DISCOVERY
藤沢バリアフリー施設.txt,1384,鵠沼海岸公衆便所,鵠沼海浜公園スケートパーク西側,,false,UNKNOWN,UNKNOWN_NOT_EMBEDDED_WITH_TABLE,LICENSE_REVIEW_REQUIRED,METADATA_ONLY,ADDRESS_ONLY_LEGACY_DISCOVERY
藤沢バリアフリー施設.txt,1386,弁天橋公衆便所,江の島弁天橋入口,,true,UNKNOWN,UNKNOWN_NOT_EMBEDDED_WITH_TABLE,LICENSE_REVIEW_REQUIRED,METADATA_ONLY,ADDRESS_ONLY_LEGACY_DISCOVERY
藤沢バリアフリー施設.txt,1388,今田公衆便所,境川右岸サイクリングロード内,,true,UNKNOWN,UNKNOWN_NOT_EMBEDDED_WITH_TABLE,LICENSE_REVIEW_REQUIRED,METADATA_ONLY,ADDRESS_ONLY_LEGACY_DISCOVERY
藤沢バリアフリー施設.txt,1390,湘南海岸公園内トイレ（1号トイレ）,江ノ電駐車センター横,,false,UNKNOWN,UNKNOWN_NOT_EMBEDDED_WITH_TABLE,LICENSE_REVIEW_REQUIRED,METADATA_ONLY,ADDRESS_ONLY_LEGACY_DISCOVERY
藤沢バリアフリー施設.txt,1392,湘南海岸公園内トイレ（2号トイレ）,新江ノ島水族館前,,false,UNKNOWN,UNKNOWN_NOT_EMBEDDED_WITH_TABLE,LICENSE_REVIEW_REQUIRED,METADATA_ONLY,ADDRESS_ONLY_LEGACY_DISCOVERY
藤沢バリアフリー施設.txt,1394,湘南海岸公園内トイレ（4号トイレ）,中部駐車場東側,,false,UNKNOWN,UNKNOWN_NOT_EMBEDDED_WITH_TABLE,LICENSE_REVIEW_REQUIRED,METADATA_ONLY,ADDRESS_ONLY_LEGACY_DISCOVERY
藤沢バリアフリー施設.txt,1396,湘南海岸公園内トイレ（5号トイレ）,中部駐車場付属,,false,UNKNOWN,UNKNOWN_NOT_EMBEDDED_WITH_TABLE,LICENSE_REVIEW_REQUIRED,METADATA_ONLY,ADDRESS_ONLY_LEGACY_DISCOVERY
藤沢バリアフリー施設.txt,1398,湘南海岸公園内トイレ（6号トイレ）,海風のテラス東側,,false,UNKNOWN,UNKNOWN_NOT_EMBEDDED_WITH_TABLE,LICENSE_REVIEW_REQUIRED,METADATA_ONLY,ADDRESS_ONLY_LEGACY_DISCOVERY
藤沢バリアフリー施設.txt,1400,湘南海岸公園内トイレ（7号トイレ）,海風のテラス西側,,false,UNKNOWN,UNKNOWN_NOT_EMBEDDED_WITH_TABLE,LICENSE_REVIEW_REQUIRED,METADATA_ONLY,ADDRESS_ONLY_LEGACY_DISCOVERY
藤沢バリアフリー施設.txt,1402,湘南海岸公園内トイレ（8号トイレ）,西部駐車場西側,,false,UNKNOWN,UNKNOWN_NOT_EMBEDDED_WITH_TABLE,LICENSE_REVIEW_REQUIRED,METADATA_ONLY,ADDRESS_ONLY_LEGACY_DISCOVERY
藤沢バリアフリー施設.txt,1404,湘南海岸公園内トイレ（9号トイレ）,緑陰広場駐車場,,false,UNKNOWN,UNKNOWN_NOT_EMBEDDED_WITH_TABLE,LICENSE_REVIEW_REQUIRED,METADATA_ONLY,ADDRESS_ONLY_LEGACY_DISCOVERY
藤沢バリアフリー施設.txt,1406,江の島入口トイレ,藤沢市江の島1-217,,true,UNKNOWN,UNKNOWN_NOT_EMBEDDED_WITH_TABLE,LICENSE_REVIEW_REQUIRED,METADATA_ONLY,ADDRESS_ONLY_LEGACY_DISCOVERY
藤沢バリアフリー施設.txt,1408,北トイレ（江の島）,北緑地内,,false,UNKNOWN,UNKNOWN_NOT_EMBEDDED_WITH_TABLE,LICENSE_REVIEW_REQUIRED,METADATA_ONLY,ADDRESS_ONLY_LEGACY_DISCOVERY
藤沢バリアフリー施設.txt,1410,中央トイレ（江の島）,中央緑地内,,false,UNKNOWN,UNKNOWN_NOT_EMBEDDED_WITH_TABLE,LICENSE_REVIEW_REQUIRED,METADATA_ONLY,ADDRESS_ONLY_LEGACY_DISCOVERY
藤沢バリアフリー施設.txt,1412,南トイレ（江の島）,南緑地内,,true,UNKNOWN,UNKNOWN_NOT_EMBEDDED_WITH_TABLE,LICENSE_REVIEW_REQUIRED,METADATA_ONLY,ADDRESS_ONLY_LEGACY_DISCOVERY
藤沢バリアフリー施設.txt,1414,江の島中津宮広場公衆トイレ,藤沢市江の島1-194-1,0466-50-3531,true,UNKNOWN,UNKNOWN_NOT_EMBEDDED_WITH_TABLE,LICENSE_REVIEW_REQUIRED,METADATA_ONLY,ADDRESS_ONLY_LEGACY_DISCOVERY
藤沢バリアフリー施設.txt,1415,休憩棟トイレ,藤沢市江の島1-12-2,,true,UNKNOWN,UNKNOWN_NOT_EMBEDDED_WITH_TABLE,LICENSE_REVIEW_REQUIRED,METADATA_ONLY,ADDRESS_ONLY_LEGACY_DISCOVERY
藤沢バリアフリー施設.txt,1417,駐車場西トイレ,藤沢市江の島1-12-2,,false,UNKNOWN,UNKNOWN_NOT_EMBEDDED_WITH_TABLE,LICENSE_REVIEW_REQUIRED,METADATA_ONLY,ADDRESS_ONLY_LEGACY_DISCOVERY
藤沢バリアフリー施設.txt,1419,奥田公園駐車場,藤沢市鵠沼東5-3,0466-27-6191,false,UNKNOWN,UNKNOWN_NOT_EMBEDDED_WITH_TABLE,LICENSE_REVIEW_REQUIRED,METADATA_ONLY,ADDRESS_ONLY_LEGACY_DISCOVERY
藤沢バリアフリー施設.txt,1420,湘南台駅地下自動車駐車場,藤沢市湘南台1-43-13,0466-43-9253,false,UNKNOWN,UNKNOWN_NOT_EMBEDDED_WITH_TABLE,LICENSE_REVIEW_REQUIRED,METADATA_ONLY,ADDRESS_ONLY_LEGACY_DISCOVERY
藤沢バリアフリー施設.txt,1421,湘南台駐車場,藤沢市湘南台7-14-1,0466-43-7900,false,UNKNOWN,UNKNOWN_NOT_EMBEDDED_WITH_TABLE,LICENSE_REVIEW_REQUIRED,METADATA_ONLY,ADDRESS_ONLY_LEGACY_DISCOVERY
藤沢バリアフリー施設.txt,1422,湘南港南緑地(隣接:湘南港臨港道路付属駐車場（江の島ヨットハーバー）),藤沢市江の島1-12-2,0466-22-2128,true,UNKNOWN,UNKNOWN_NOT_EMBEDDED_WITH_TABLE,LICENSE_REVIEW_REQUIRED,METADATA_ONLY,ADDRESS_ONLY_LEGACY_DISCOVERY
藤沢バリアフリー施設.txt,1423,江の島なぎさ駐車場,藤沢市江の島1-2-1,0466-29-6574,false,UNKNOWN,UNKNOWN_NOT_EMBEDDED_WITH_TABLE,LICENSE_REVIEW_REQUIRED,METADATA_ONLY,ADDRESS_ONLY_LEGACY_DISCOVERY
藤沢バリアフリー施設.txt,1424,片瀬海岸地下駐車場,藤沢市片瀬海岸2-19,0466-24-0425,true,UNKNOWN,UNKNOWN_NOT_EMBEDDED_WITH_TABLE,LICENSE_REVIEW_REQUIRED,METADATA_ONLY,ADDRESS_ONLY_LEGACY_DISCOVERY
藤沢バリアフリー施設.txt,1425,中部駐車場,藤沢市片瀬海岸3-25-26,0466-35-0036,false,UNKNOWN,UNKNOWN_NOT_EMBEDDED_WITH_TABLE,LICENSE_REVIEW_REQUIRED,METADATA_ONLY,ADDRESS_ONLY_LEGACY_DISCOVERY
藤沢バリアフリー施設.txt,1426,西部駐車場,藤沢市鵠沼海岸1-17-24,0466-35-0031,false,UNKNOWN,UNKNOWN_NOT_EMBEDDED_WITH_TABLE,LICENSE_REVIEW_REQUIRED,METADATA_ONLY,ADDRESS_ONLY_LEGACY_DISCOVERY
藤沢バリアフリー施設.txt,1427,緑陰広場駐車場,藤沢市鵠沼海岸1丁目地内,0466-36-7271,false,UNKNOWN,UNKNOWN_NOT_EMBEDDED_WITH_TABLE,LICENSE_REVIEW_REQUIRED,METADATA_ONLY,ADDRESS_ONLY_LEGACY_DISCOVERY
藤沢バリアフリー施設.txt,1428,鵠沼海浜公園駐車場,藤沢市鵠沼海岸4-4-1,0466-35-5381,false,UNKNOWN,UNKNOWN_NOT_EMBEDDED_WITH_TABLE,LICENSE_REVIEW_REQUIRED,METADATA_ONLY,ADDRESS_ONLY_LEGACY_DISCOVERY
