dataset_id,title,issuing_organization,source_class,evidence_class,source_url,published_or_updated_at,accessed_at,valid_as_of,freshness_status,supersedes_dataset_id,superseded_by_dataset_id,recheck_by,retrieval_etag,retrieval_last_modified,redistribution_status,version,download_status,file_name,local_path,sha256,license,format,source_crs,vertical_datum,axis_order,horizontal_unit,vertical_unit,geographic_coverage,usable_fields,missing_fields,interpretation_limits,geometry_status,data_status,source_feature_id,lineage
plateau_kyoto_2025_release,PLATEAU京都市2025 CityGML候補asset,国土交通省都市局,OFFICIAL_METADATA_ONLY,OFFICIAL_METADATA_ONLY,https://api.plateauview.mlit.go.jp/datacatalog/citygml/26100-2025/citygml.zip,,2026-08-30,,UNKNOWN,,,2026-09-15,,,REVIEW_REQUIRED,URL_REVERIFICATION_REQUIRED,METADATA_ONLY,,,,PLATEAU Site Policy,ZIP/CityGML,UNKNOWN,UNKNOWN,UNKNOWN,UNKNOWN,UNKNOWN,京都市全域,candidate_city_code=26100;candidate_spec=5.0,asset_url;archive_sha256;corridor_mesh;feature_coverage;CRS,今回取得を再現できない候補URLであり再検証までREAL geometryや現行asset metadataとして使用しない,UNKNOWN,OFFICIAL_METADATA_ONLY,,unreproduced candidate URL metadata; recheck required
osm_kiyomizu_corridor,OpenStreetMap清水祇園候補回廊,OpenStreetMap contributors,VGI_METADATA_ONLY,VGI_METADATA_ONLY,https://www.openstreetmap.org/export#map=16/34.9990/135.7815,,2026-08-30,,UNKNOWN,,,2026-09-30,,,ODBL_REVIEW_REQUIRED,current snapshot not frozen,METADATA_ONLY,,,,ODbL 1.0,OSM XML,EPSG:4326,UNKNOWN,longitude_latitude,degree,UNKNOWN,対象回廊候補,ways;nodes;highway;steps;surface;access;entrance,timestamp;replication_sequence;tag_completeness;field_verification,VGI候補であり公式・REAL・PASSとして扱わない,UNKNOWN,VGI_METADATA_ONLY,,candidate metadata only
kyoto_kiyomizu_gion_evacuation_plan,清水・祇園地域避難誘導計画,京都市行財政局防災危機管理室,OFFICIAL_METADATA_ONLY,OFFICIAL_METADATA_ONLY,https://www.city.kyoto.lg.jp/digitalbook/page/0000000055.html,2017-12-14,2026-08-30,2017-12-14,POSSIBLY_STALE,,,2026-09-15,,,REVIEW_REQUIRED,公開ページ版,METADATA_ONLY,,,,京都市ウェブサイト利用規約,Digital book/PDF,UNKNOWN,UNKNOWN,UNKNOWN,UNKNOWN,UNKNOWN,清水・祇園地域,plan_title;scope;outline,current_revision;route_geometry;operation,現行版と公式経路を別途確認する,UNKNOWN,OFFICIAL_METADATA_ONLY,,official publication metadata
kyoto_web_hazard_earthquake,京都市防災情報マップ地震,京都市行財政局防災危機管理室,OFFICIAL_METADATA_ONLY,OFFICIAL_METADATA_ONLY,https://www.bousaimap.city.kyoto.lg.jp/sp/Top,,2026-08-30,,CURRENT_UNVERIFIED,,,2026-09-15,,,REVIEW_REQUIRED,UNKNOWN,METADATA_ONLY,,,,京都市防災情報マップ利用条件,Web GIS,UNKNOWN,UNKNOWN,UNKNOWN,UNKNOWN,UNKNOWN,京都市,250m最大震度;断層scenario,grid;layer_version;CRS;corridor_cells,震度想定から個別倒壊・閉塞を決定しない,UNKNOWN,OFFICIAL_METADATA_ONLY,,official Web GIS metadata
kyoto_pref_landslide_designations,京都府土砂災害警戒区域等・東山区,京都府建設交通部砂防課,OFFICIAL_METADATA_ONLY,OFFICIAL_METADATA_ONLY,https://www.pref.kyoto.jp/dosyashitei/shiteitop.html,2026-07-31,2026-08-30,2026-07-31,CURRENT_CONFIRMED,,,2026-09-30,,,REVIEW_REQUIRED,2026-07-31 page,METADATA_ONLY,,,,京都府ウェブサイト利用規約,HTML/PDF maps,UNKNOWN,UNKNOWN,UNKNOWN,UNKNOWN,UNKNOWN,東山区,designation_status;district_reference,polygon;designation_id;CRS;corridor_intersection,概略図だけで境界確定や道路閉鎖を決定しない,UNKNOWN,OFFICIAL_METADATA_ONLY,,official designation metadata
kyoto_return_support_plazas,京都市帰宅支援サイト緊急避難広場,京都市行財政局防災危機管理室,OFFICIAL_METADATA_ONLY,OFFICIAL_METADATA_ONLY,https://www.bousai.city.kyoto.lg.jp/kitakushien/about,,2026-08-30,,CURRENT_UNVERIFIED,,,2026-09-15,,,REVIEW_REQUIRED,UNKNOWN,METADATA_ONLY,,,,京都市ウェブサイト利用規約,HTML,UNKNOWN,UNKNOWN,UNKNOWN,UNKNOWN,UNKNOWN,京都市,facility_category;purpose,complete_list;coordinates;entrances;capacity;opening;fire_safe,法定指定場所と観光客向け広場を混同しない,UNKNOWN,OFFICIAL_METADATA_ONLY,,official category metadata
kyoto_temporary_stay_facilities,京都市帰宅支援サイト一時滞在施設,京都市行財政局防災危機管理室,OFFICIAL_METADATA_ONLY,OFFICIAL_METADATA_ONLY,https://www.bousai.city.kyoto.lg.jp/kitakushien/temporary-lodgings,,2026-08-30,,CURRENT_UNVERIFIED,,,2026-09-15,,,REVIEW_REQUIRED,UNKNOWN,METADATA_ONLY,,,,京都市ウェブサイト利用規約,HTML,UNKNOWN,UNKNOWN,UNKNOWN,UNKNOWN,UNKNOWN,京都市,district_grouping;facility_ids,coordinates;entrances;capacity;opening;operation,災害時開放・収容人数を推定しない,UNKNOWN,OFFICIAL_METADATA_ONLY,,official facility metadata
kyoto_public_toilets_open_data,京都市公衆トイレ位置情報等open data,京都市環境政策局,OFFICIAL_METADATA_ONLY,OFFICIAL_METADATA_ONLY,https://data.city.kyoto.lg.jp/dataset/00307/,2026-03-06,2026-08-30,2026-03-06,CURRENT_CONFIRMED,,,2026-09-30,,,CC_BY_4_0,dataset00307,METADATA_ONLY,,,,CC BY 4.0,XLSX,UNKNOWN,UNKNOWN,UNKNOWN,UNKNOWN,UNKNOWN,京都市,name;location;equipment_candidates,resource_sha256;CRS;entrance;current_equipment,入口や最新設備を管理者・現地確認なしで断定しない,UNKNOWN,OFFICIAL_METADATA_ONLY,,official open-data metadata
gsi_jgd2011_plane_rectangular_vi,JGD2011平面直角座標系VI metadata,国土地理院,OFFICIAL_METADATA_ONLY,OFFICIAL_METADATA_ONLY,https://www.gsi.go.jp/sokuchikijun/jpc.html,,2026-08-30,,UNKNOWN,,,2026-09-30,,,REVIEW_REQUIRED,UNKNOWN,METADATA_ONLY,,,,国土地理院コンテンツ利用規約,HTML,EPSG:6674,UNKNOWN,northing_easting,metre,UNKNOWN,京都を含むVI系,projected_processing_CRS,coordinate_epoch;vertical_datum,EPSG:6674の原典axisはnorthing/easting。実データ変換時はlibraryのalways_xy等の設定を記録する,NOT_APPLICABLE,OFFICIAL_METADATA_ONLY,,authoritative CRS metadata reference
