dataset_id,license_status,source_crs,axis_semantics,vertical_datum,aoi_status,handoff_status
gsi_dem_5m10m_current,LICENSE_REVIEW_REQUIRED,fguuid:jgd2024.bl|fguuid:jgd2011.bl,GML formal latitude_longitude; GeoJSON longitude_latitude separate,NOT_EXPLICIT_IN_INSPECTED_GML,AOI_INTERSECTION_PENDING,CRS_REVIEW_REQUIRED
fujisawa_earthquake_intensity_scenarios,LICENSE_REVIEW_REQUIRED,CRS_CONTRADICTION:EPSG:4301_SIDECAR_WITH_PROJECTED_NATIVE_BBOX,UNRESOLVED,NOT_APPLICABLE,AOI_CLIP_NOT_RUN,CRS_REVIEW_REQUIRED
fujisawa_earthquake_shaking_susceptibility_r6,LICENSE_REVIEW_REQUIRED,EPSG:4612,formal latitude_longitude; library order review required,NOT_APPLICABLE,AOI_CLIP_NOT_RUN,LICENSE_REVIEW_REQUIRED
fujisawa_liquefaction_distribution_scenarios,LICENSE_REVIEW_REQUIRED,EPSG:4612,formal latitude_longitude; library order review required,NOT_APPLICABLE,AOI_CLIP_NOT_RUN,LICENSE_REVIEW_REQUIRED
fujisawa_liquefaction_hazard_r6,LICENSE_REVIEW_REQUIRED,EPSG:4612,formal latitude_longitude; library order review required,NOT_APPLICABLE,AOI_CLIP_NOT_RUN,LICENSE_REVIEW_REQUIRED
fujisawa_webgis_toilets_accessibility,LICENSE_REVIEW_REQUIRED,NOT_APPLICABLE_ADDRESS_ONLY,NOT_APPLICABLE,NOT_APPLICABLE,ADDRESS_MATCH_CANDIDATE_ONLY,READY_FOR_TABLE_ONLY
nlni_a31b_2025_kyoto_flood,PERMITTED_WITH_OBLIGATIONS,EPSG:6668,JGD2011 formal latitude_longitude; GeoJSON longitude_latitude separate,NOT_APPLICABLE,KIYOMIZU_GION_AND_ARASHIYAMA_CLIPS_NOT_RUN,READY_FOR_INTERNAL_INGESTION
kyoto_city_landslide_gis_20260830,LICENSE_REVIEW_REQUIRED,EPSG:6668,JGD2011 formal latitude_longitude; shapefile library order review required,NOT_APPLICABLE,KIYOMIZU_GION_AND_ARASHIYAMA_CLIPS_NOT_RUN,LICENSE_REVIEW_REQUIRED
kyoto_public_toilets_00307,PERMITTED_WITH_OBLIGATIONS,NOT_EXPLICIT,NOT_EXPLICIT,NOT_APPLICABLE,ROW_LEVEL_AOI_NOT_AVAILABLE,READY_FOR_METADATA_ONLY
